2023-01-01,browse_conversion_pct,,,0,,NO_BASELINE,0,insufficient baseline (<3 days)
2023-01-01,dau,2,,0,,NO_BASELINE,0,insufficient baseline (<3 days)
2023-01-01,new_users,264,,0,,NO_BASELINE,0,insufficient baseline (<3 days)
2023-01-01,payment_conversion_pct,,,0,,NO_BASELINE,0,insufficient baseline (<3 days)
2023-01-01,revenue,0,,0,,NO_BASELINE,0,insufficient baseline (<3 days)
2023-01-01,sessions,2,,0,,NO_BASELINE,0,insufficient baseline (<3 days)
2023-01-01,total_orders,0,,0,,NO_BASELINE,0,insufficient baseline (<3 days)
2023-01-02,browse_conversion_pct,200,,0,,NO_BASELINE,0,insufficient baseline (<3 days)
2023-01-02,dau,11,2,1,450,NO_BASELINE,0,insufficient baseline (<3 days)
2023-01-02,new_users,278,264,1,5.3,NO_BASELINE,0,insufficient baseline (<3 days)
2023-01-02,payment_conversion_pct,66.67,,0,,NO_BASELINE,0,insufficient baseline (<3 days)
2023-01-02,revenue,758,0,1,,NO_BASELINE,0,insufficient baseline (<3 days)
2023-01-02,sessions,11,2,1,450,NO_BASELINE,0,insufficient baseline (<3 days)
2023-01-02,total_orders,2,0,1,,NO_BASELINE,0,insufficient baseline (<3 days)
2023-01-03,browse_conversion_pct,33.33,200,1,-83.34,NO_BASELINE,0,insufficient baseline (<3 days)
2023-01-03,dau,18,6.5,2,176.92,NO_BASELINE,0,insufficient baseline (<3 days)
2023-01-03,new_users,256,271,2,-5.54,NO_BASELINE,0,insufficient baseline (<3 days)
2023-01-03,payment_conversion_pct,0,66.67,1,-100,NO_BASELINE,0,insufficient baseline (<3 days)
2023-01-03,revenue,0,379,2,-100,NO_BASELINE,0,insufficient baseline (<3 days)
2023-01-03,sessions,18,6.5,2,176.92,NO_BASELINE,0,insufficient baseline (<3 days)
2023-01-03,total_orders,0,1,2,-100,NO_BASELINE,0,insufficient baseline (<3 days)
2023-01-04,browse_conversion_pct,87.5,116.67,2,-25,NO_BASELINE,0,insufficient baseline (<3 days)
2023-01-04,dau,41,10.33,3,296.9,SPIKE,1,+296.90% vs baseline
2023-01-04,new_users,242,266,3,-9.02,NOISE,0,-9.02% vs baseline
2023-01-04,payment_conversion_pct,50,33.34,2,49.97,NO_BASELINE,0,insufficient baseline (<3 days)
2023-01-04,revenue,434,252.67,3,71.77,SPIKE,1,+71.77% vs baseline
2023-01-04,sessions,42,10.33,3,306.58,SPIKE,1,+306.58% vs baseline
2023-01-04,total_orders,2,0.67,3,198.51,SPIKE,1,+198.51% vs baseline
2023-01-05,browse_conversion_pct,85.71,106.94,3,-19.85,NOISE,0,-19.85% vs baseline
2023-01-05,dau,32,18,4,77.78,SPIKE,1,+77.78% vs baseline
2023-01-05,new_users,240,260,4,-7.69,NOISE,0,-7.69% vs baseline
2023-01-05,payment_conversion_pct,0,38.89,3,-100,DROP,1,-100.00% vs baseline
2023-01-05,revenue,0,298,4,-100,DROP,1,-100.00% vs baseline
2023-01-05,sessions,32,18.25,4,75.34,SPIKE,1,+75.34% vs baseline
2023-01-05,total_orders,0,1,4,-100,DROP,1,-100.00% vs baseline
2023-01-06,browse_conversion_pct,107.14,101.64,4,5.41,NOISE,0,+5.41% vs baseline
2023-01-06,dau,51,20.8,5,145.19,SPIKE,1,+145.19% vs baseline
2023-01-06,new_users,296,256,5,15.63,NOISE,0,+15.63% vs baseline
2023-01-06,payment_conversion_pct,0,29.17,4,-100,DROP,1,-100.00% vs baseline
2023-01-06,revenue,0,238.4,5,-100,DROP,1,-100.00% vs baseline
2023-01-06,sessions,51,21,5,142.86,SPIKE,1,+142.86% vs baseline
2023-01-06,total_orders,0,0.8,5,-100,DROP,1,-100.00% vs baseline
2023-01-07,browse_conversion_pct,133.33,102.74,5,29.77,NOISE,0,+29.77% vs baseline
2023-01-07,dau,51,25.83,6,97.44,SPIKE,1,+97.44% vs baseline
2023-01-07,new_users,283,262.67,6,7.74,NOISE,0,+7.74% vs baseline
2023-01-07,payment_conversion_pct,33.33,23.33,5,42.86,SPIKE,1,+42.86% vs baseline
2023-01-07,revenue,372,198.67,6,87.25,SPIKE,1,+87.25% vs baseline
2023-01-07,sessions,52,26,6,100,SPIKE,1,+100.00% vs baseline
2023-01-07,total_orders,2,0.67,6,198.51,SPIKE,1,+198.51% vs baseline
2023-01-08,browse_conversion_pct,109.09,107.84,6,1.16,NOISE,0,+1.16% vs baseline
2023-01-08,dau,59,29.43,7,100.48,SPIKE,1,+100.48% vs baseline
2023-01-08,new_users,301,265.57,7,13.34,NOISE,0,+13.34% vs baseline
2023-01-08,payment_conversion_pct,50,25,6,100,SPIKE,1,+100.00% vs baseline
2023-01-08,revenue,661,223.43,7,195.84,SPIKE,1,+195.84% vs baseline
2023-01-08,sessions,61,29.71,7,105.32,SPIKE,1,+105.32% vs baseline
2023-01-08,total_orders,3,0.86,7,248.84,SPIKE,1,+248.84% vs baseline
2023-01-09,browse_conversion_pct,144.44,108.01,7,33.73,SPIKE,1,+33.73% vs baseline
2023-01-09,dau,67,37.57,7,78.33,SPIKE,1,+78.33% vs baseline
2023-01-09,new_users,295,270.86,7,8.91,NOISE,0,+8.91% vs baseline
2023-01-09,payment_conversion_pct,44.44,28.57,7,55.55,SPIKE,1,+55.55% vs baseline
2023-01-09,revenue,2203,317.86,7,593.07,SPIKE,1,+593.07% vs baseline
2023-01-09,sessions,68,38.14,7,78.29,SPIKE,1,+78.29% vs baseline
2023-01-09,total_orders,4,1.29,7,210.08,SPIKE,1,+210.08% vs baseline
2023-01-10,browse_conversion_pct,76.92,100.08,7,-23.14,NOISE,0,-23.14% vs baseline
2023-01-10,dau,97,45.57,7,112.86,SPIKE,1,+112.86% vs baseline
2023-01-10,new_users,272,273.29,7,-0.47,NOISE,0,-0.47% vs baseline
2023-01-10,payment_conversion_pct,50,25.4,7,96.85,SPIKE,1,+96.85% vs baseline
2023-01-10,revenue,877,524.29,7,67.27,SPIKE,1,+67.27% vs baseline
2023-01-10,sessions,99,46.29,7,113.87,SPIKE,1,+113.87% vs baseline
2023-01-10,total_orders,3,1.57,7,91.08,SPIKE,1,+91.08% vs baseline
2023-01-11,browse_conversion_pct,95.65,106.3,7,-10.02,NOISE,0,-10.02% vs baseline
2023-01-11,dau,97,56.86,7,70.59,SPIKE,1,+70.59% vs baseline
2023-01-11,new_users,275,275.57,7,-0.21,NOISE,0,-0.21% vs baseline
2023-01-11,payment_conversion_pct,40,32.54,7,22.93,NOISE,0,+22.93% vs baseline
2023-01-11,revenue,1987,649.57,7,205.89,SPIKE,1,+205.89% vs baseline
2023-01-11,sessions,100,57.86,7,72.83,SPIKE,1,+72.83% vs baseline
2023-01-11,total_orders,4,2,7,100,SPIKE,1,+100.00% vs baseline
2023-01-12,browse_conversion_pct,95.45,107.47,7,-11.18,NOISE,0,-11.18% vs baseline
2023-01-12,dau,103,64.86,7,58.8,SPIKE,1,+58.80% vs baseline
2023-01-12,new_users,273,280.29,7,-2.6,NOISE,0,-2.60% vs baseline
2023-01-12,payment_conversion_pct,33.33,31.11,7,7.14,NOISE,0,+7.14% vs baseline
2023-01-12,revenue,1650,871.43,7,89.34,SPIKE,1,+89.34% vs baseline
2023-01-12,sessions,105,66.14,7,58.75,SPIKE,1,+58.75% vs baseline
2023-01-12,total_orders,4,2.29,7,74.67,SPIKE,1,+74.67% vs baseline
2023-01-13,browse_conversion_pct,120,108.86,7,10.23,NOISE,0,+10.23% vs baseline
2023-01-13,dau,132,75,7,76,SPIKE,1,+76.00% vs baseline
2023-01-13,new_users,278,285,7,-2.46,NOISE,0,-2.46% vs baseline
2023-01-13,payment_conversion_pct,14.29,35.87,7,-60.16,DROP,1,-60.16% vs baseline
2023-01-13,revenue,256,1107.14,7,-76.88,DROP,1,-76.88% vs baseline
2023-01-13,sessions,134,76.57,7,75,SPIKE,1,+75.00% vs baseline
2023-01-13,total_orders,2,2.86,7,-30.07,DROP,1,-30.07% vs baseline
2023-01-14,browse_conversion_pct,77.78,110.7,7,-29.74,DROP,1,-29.74% vs baseline
2023-01-14,dau,149,86.57,7,72.12,SPIKE,1,+72.12% vs baseline
2023-01-14,new_users,295,282.43,7,4.45,NOISE,0,+4.45% vs baseline
2023-01-14,payment_conversion_pct,60,37.91,7,58.27,SPIKE,1,+58.27% vs baseline
2023-01-14,revenue,1426,1143.71,7,24.68,NOISE,0,+24.68% vs baseline
2023-01-14,sessions,151,88.43,7,70.76,SPIKE,1,+70.76% vs baseline
2023-01-14,total_orders,6,3.14,7,91.08,SPIKE,1,+91.08% vs baseline
2023-01-15,browse_conversion_pct,103.23,102.76,7,0.46,NOISE,0,+0.46% vs baseline
2023-01-15,dau,151,100.57,7,50.14,SPIKE,1,+50.14% vs baseline
2023-01-15,new_users,262,284.14,7,-7.79,NOISE,0,-7.79% vs baseline
2023-01-15,payment_conversion_pct,15.38,41.72,7,-63.14,DROP,1,-63.14% vs baseline
2023-01-15,revenue,1361,1294.29,7,5.15,NOISE,0,+5.15% vs baseline
2023-01-15,sessions,153,102.57,7,49.17,SPIKE,1,+49.17% vs baseline
2023-01-15,total_orders,2,3.71,7,-46.09,DROP,1,-46.09% vs baseline
2023-01-16,browse_conversion_pct,67.57,101.92,7,-33.7,DROP,1,-33.70% vs baseline
2023-01-16,dau,153,113.71,7,34.55,SPIKE,1,+34.55% vs baseline
2023-01-16,new_users,272,278.57,7,-2.36,NOISE,0,-2.36% vs baseline
2023-01-16,payment_conversion_pct,31.25,36.78,7,-15.04,NOISE,0,-15.04% vs baseline
2023-01-16,revenue,1280,1394.29,7,-8.2,NOISE,0,-8.20% vs baseline
2023-01-16,sessions,156,115.71,7,34.82,SPIKE,1,+34.82% vs baseline
2023-01-16,total_orders,5,3.57,7,40.06,SPIKE,1,+40.06% vs baseline
2023-01-17,browse_conversion_pct,54.55,90.94,7,-40.02,DROP,1,-40.02% vs baseline
2023-01-17,dau,142,126,7,12.7,NOISE,0,+12.70% vs baseline
2023-01-17,new_users,260,275.29,7,-5.55,NOISE,0,-5.55% vs baseline
2023-01-17,payment_conversion_pct,38.46,34.89,7,10.23,NOISE,0,+10.23% vs baseline
2023-01-17,revenue,997,1262.43,7,-21.03,NOISE,0,-21.03% vs baseline
2023-01-17,sessions,145,128.29,7,13.03,NOISE,0,+13.03% vs baseline
2023-01-17,total_orders,5,3.71,7,34.77,SPIKE,1,+34.77% vs baseline
2023-01-18,browse_conversion_pct,84.85,87.75,7,-3.3,NOISE,0,-3.30% vs baseline
2023-01-18,dau,154,132.43,7,16.29,NOISE,0,+16.29% vs baseline
2023-01-18,new_users,280,273.57,7,2.35,NOISE,0,+2.35% vs baseline
2023-01-18,payment_conversion_pct,25,33.24,7,-24.79,NOISE,0,-24.79% vs baseline
2023-01-18,revenue,999,1279.57,7,-21.93,NOISE,0,-21.93% vs baseline
2023-01-18,sessions,158,134.86,7,17.16,NOISE,0,+17.16% vs baseline
2023-01-18,total_orders,4,4,7,0,NOISE,0,+0.00% vs baseline
2023-01-19,browse_conversion_pct,79.49,86.2,7,-7.78,NOISE,0,-7.78% vs baseline
2023-01-19,dau,182,140.57,7,29.47,NOISE,0,+29.47% vs baseline
2023-01-19,new_users,270,274.29,7,-1.56,NOISE,0,-1.56% vs baseline
2023-01-19,payment_conversion_pct,30,31.1,7,-3.54,NOISE,0,-3.54% vs baseline
2023-01-19,revenue,1255,1138.43,7,10.24,NOISE,0,+10.24% vs baseline
2023-01-19,sessions,183,143.14,7,27.85,NOISE,0,+27.85% vs baseline
2023-01-19,total_orders,6,4,7,50,SPIKE,1,+50.00% vs baseline
2023-01-20,browse_conversion_pct,66.67,83.92,7,-20.56,NOISE,0,-20.56% vs baseline
2023-01-20,dau,201,151.86,7,32.36,SPIKE,1,+32.36% vs baseline
2023-01-20,new_users,257,273.86,7,-6.16,NOISE,0,-6.16% vs baseline
2023-01-20,payment_conversion_pct,31.25,30.63,7,2.02,NOISE,0,+2.02% vs baseline
2023-01-20,revenue,1240,1082,7,14.6,NOISE,0,+14.60% vs baseline
2023-01-20,sessions,203,154.29,7,31.57,SPIKE,1,+31.57% vs baseline
2023-01-20,total_orders,5,4.29,7,16.55,NOISE,0,+16.55% vs baseline
2023-01-21,browse_conversion_pct,58.7,76.31,7,-23.08,NOISE,0,-23.08% vs baseline
2023-01-21,dau,190,161.71,7,17.49,NOISE,0,+17.49% vs baseline
2023-01-21,new_users,302,270.86,7,11.5,NOISE,0,+11.50% vs baseline
2023-01-21,payment_conversion_pct,45.45,33.05,7,37.52,SPIKE,1,+37.52% vs baseline
2023-01-21,revenue,2575,1222.57,7,110.62,SPIKE,1,+110.62% vs baseline
2023-01-21,sessions,193,164.14,7,17.58,NOISE,0,+17.58% vs baseline
2023-01-21,total_orders,10,4.71,7,112.31,SPIKE,1,+112.31% vs baseline
2023-01-22,browse_conversion_pct,64.44,73.58,7,-12.42,NOISE,0,-12.42% vs baseline
2023-01-22,dau,184,167.57,7,9.8,NOISE,0,+9.80% vs baseline
2023-01-22,new_users,277,271.86,7,1.89,NOISE,0,+1.89% vs baseline
2023-01-22,payment_conversion_pct,31.58,30.97,7,1.97,NOISE,0,+1.97% vs baseline
2023-01-22,revenue,1713,1386.71,7,23.53,NOISE,0,+23.53% vs baseline
2023-01-22,sessions,185,170.14,7,8.73,NOISE,0,+8.73% vs baseline
2023-01-22,total_orders,5,5.29,7,-5.48,NOISE,0,-5.48% vs baseline
2023-01-23,browse_conversion_pct,85.71,68.04,7,25.97,NOISE,0,+25.97% vs baseline
2023-01-23,dau,238,172.29,7,38.14,SPIKE,1,+38.14% vs baseline
2023-01-23,new_users,256,274,7,-6.57,NOISE,0,-6.57% vs baseline
2023-01-23,payment_conversion_pct,27.78,33.28,7,-16.53,NOISE,0,-16.53% vs baseline
2023-01-23,revenue,1682,1437,7,17.05,NOISE,0,+17.05% vs baseline
2023-01-23,sessions,241,174.71,7,37.94,SPIKE,1,+37.94% vs baseline
2023-01-23,total_orders,5,5.71,7,-12.43,NOISE,0,-12.43% vs baseline
2023-01-24,browse_conversion_pct,63.46,70.63,7,-10.15,NOISE,0,-10.15% vs baseline
2023-01-24,dau,222,184.43,7,20.37,NOISE,0,+20.37% vs baseline
2023-01-24,new_users,264,271.71,7,-2.84,NOISE,0,-2.84% vs baseline
2023-01-24,payment_conversion_pct,40.91,32.79,7,24.76,NOISE,0,+24.76% vs baseline
2023-01-24,revenue,2735,1494.43,7,83.01,SPIKE,1,+83.01% vs baseline
2023-01-24,sessions,225,186.86,7,20.41,NOISE,0,+20.41% vs baseline
2023-01-24,total_orders,9,5.71,7,57.62,SPIKE,1,+57.62% vs baseline
2023-01-25,browse_conversion_pct,64.81,71.9,7,-9.86,NOISE,0,-9.86% vs baseline
2023-01-25,dau,225,195.86,7,14.88,NOISE,0,+14.88% vs baseline
2023-01-25,new_users,280,272.29,7,2.83,NOISE,0,+2.83% vs baseline
2023-01-25,payment_conversion_pct,18.18,33.14,7,-45.14,DROP,1,-45.14% vs baseline
2023-01-25,revenue,680,1742.71,7,-60.98,DROP,1,-60.98% vs baseline
2023-01-25,sessions,227,198.29,7,14.48,NOISE,0,+14.48% vs baseline
2023-01-25,total_orders,4,6.29,7,-36.41,DROP,1,-36.41% vs baseline
2023-01-26,browse_conversion_pct,82.35,69.04,7,19.28,NOISE,0,+19.28% vs baseline
2023-01-26,dau,248,206,7,20.39,NOISE,0,+20.39% vs baseline
2023-01-26,new_users,244,272.29,7,-10.39,NOISE,0,-10.39% vs baseline
2023-01-26,payment_conversion_pct,33.33,32.16,7,3.64,NOISE,0,+3.64% vs baseline
2023-01-26,revenue,1403,1697.14,7,-17.33,NOISE,0,-17.33% vs baseline
2023-01-26,sessions,249,208.14,7,19.63,NOISE,0,+19.63% vs baseline
2023-01-26,total_orders,6,6.29,7,-4.61,NOISE,0,-4.61% vs baseline
2023-01-27,browse_conversion_pct,76.67,69.45,7,10.4,NOISE,0,+10.40% vs baseline
2023-01-27,dau,279,215.43,7,29.51,NOISE,0,+29.51% vs baseline
2023-01-27,new_users,307,268.57,7,14.31,NOISE,0,+14.31% vs baseline
2023-01-27,payment_conversion_pct,52.17,32.64,7,59.83,SPIKE,1,+59.83% vs baseline
2023-01-27,revenue,4615,1718.29,7,168.58,SPIKE,1,+168.58% vs baseline
2023-01-27,sessions,281,217.57,7,29.15,NOISE,0,+29.15% vs baseline
2023-01-27,total_orders,12,6.29,7,90.78,SPIKE,1,+90.78% vs baseline
2023-01-28,browse_conversion_pct,74.39,70.88,7,4.95,NOISE,0,+4.95% vs baseline
2023-01-28,dau,290,226.57,7,28,NOISE,0,+28.00% vs baseline
2023-01-28,new_users,294,275.71,7,6.63,NOISE,0,+6.63% vs baseline
2023-01-28,payment_conversion_pct,43.48,35.63,7,22.03,NOISE,0,+22.03% vs baseline
2023-01-28,revenue,2340,2200.43,7,6.34,NOISE,0,+6.34% vs baseline
2023-01-28,sessions,296,228.71,7,29.42,NOISE,0,+29.42% vs baseline
2023-01-28,total_orders,9,7.29,7,23.46,NOISE,0,+23.46% vs baseline
2023-01-29,browse_conversion_pct,89.29,73.12,7,22.11,NOISE,0,+22.11% vs baseline
2023-01-29,dau,287,240.86,7,19.16,NOISE,0,+19.16% vs baseline
2023-01-29,new_users,285,274.57,7,3.8,NOISE,0,+3.80% vs baseline
2023-01-29,payment_conversion_pct,42.86,35.35,7,21.24,NOISE,0,+21.24% vs baseline
2023-01-29,revenue,3614,2166.86,7,66.79,SPIKE,1,+66.79% vs baseline
2023-01-29,sessions,296,243.43,7,21.6,NOISE,0,+21.60% vs baseline
2023-01-29,total_orders,12,7.14,7,68.07,SPIKE,1,+68.07% vs baseline
2023-01-30,browse_conversion_pct,78.57,76.67,7,2.48,NOISE,0,+2.48% vs baseline
2023-01-30,dau,317,255.57,7,24.04,NOISE,0,+24.04% vs baseline
2023-01-30,new_users,292,275.71,7,5.91,NOISE,0,+5.91% vs baseline
2023-01-30,payment_conversion_pct,41.38,36.96,7,11.96,NOISE,0,+11.96% vs baseline
2023-01-30,revenue,3860,2438.43,7,58.3,SPIKE,1,+58.30% vs baseline
2023-01-30,sessions,321,259.29,7,23.8,NOISE,0,+23.80% vs baseline
2023-01-30,total_orders,12,8.14,7,47.42,SPIKE,1,+47.42% vs baseline
2023-01-31,browse_conversion_pct,84.29,75.65,7,11.42,NOISE,0,+11.42% vs baseline
2023-01-31,dau,301,266.86,7,12.79,NOISE,0,+12.79% vs baseline
2023-01-31,new_users,298,280.86,7,6.1,NOISE,0,+6.10% vs baseline
2023-01-31,payment_conversion_pct,48,38.9,7,23.39,NOISE,0,+23.39% vs baseline
2023-01-31,revenue,4053,2749.57,7,47.4,SPIKE,1,+47.40% vs baseline
2023-01-31,sessions,305,270.71,7,12.67,NOISE,0,+12.67% vs baseline
2023-01-31,total_orders,12,9.14,7,31.29,SPIKE,1,+31.29% vs baseline
2023-02-01,browse_conversion_pct,95.59,78.62,7,21.58,NOISE,0,+21.58% vs baseline
2023-02-01,dau,333,278.14,7,19.72,NOISE,0,+19.72% vs baseline
2023-02-01,new_users,285,285.71,7,-0.25,NOISE,0,-0.25% vs baseline
2023-02-01,payment_conversion_pct,35.14,39.91,7,-11.95,NOISE,0,-11.95% vs baseline
2023-02-01,revenue,3536,2937.86,7,20.36,NOISE,0,+20.36% vs baseline
2023-02-01,sessions,340,282.14,7,20.51,NOISE,0,+20.51% vs baseline
2023-02-01,total_orders,13,9.57,7,35.84,SPIKE,1,+35.84% vs baseline
2023-02-02,browse_conversion_pct,68.06,83.02,7,-18.02,NOISE,0,-18.02% vs baseline
2023-02-02,dau,332,293.57,7,13.09,NOISE,0,+13.09% vs baseline
2023-02-02,new_users,260,286.43,7,-9.23,NOISE,0,-9.23% vs baseline
2023-02-02,payment_conversion_pct,43.24,42.34,7,2.13,NOISE,0,+2.13% vs baseline
2023-02-02,revenue,6821,3345.86,7,103.86,SPIKE,1,+103.86% vs baseline
2023-02-02,sessions,339,298.29,7,13.65,NOISE,0,+13.65% vs baseline
2023-02-02,total_orders,16,10.86,7,47.33,SPIKE,1,+47.33% vs baseline
2023-02-03,browse_conversion_pct,81.43,80.98,7,0.56,NOISE,0,+0.56% vs baseline
2023-02-03,dau,328,305.57,7,7.34,NOISE,0,+7.34% vs baseline
2023-02-03,new_users,264,288.71,7,-8.56,NOISE,0,-8.56% vs baseline
2023-02-03,payment_conversion_pct,45.71,43.75,7,4.48,NOISE,0,+4.48% vs baseline
2023-02-03,revenue,4170,4119.86,7,1.22,NOISE,0,+1.22% vs baseline
2023-02-03,sessions,333,311.14,7,7.03,NOISE,0,+7.03% vs baseline
2023-02-03,total_orders,15,12.29,7,22.05,NOISE,0,+22.05% vs baseline
2023-02-04,browse_conversion_pct,73.53,81.66,7,-9.96,NOISE,0,-9.96% vs baseline
2023-02-04,dau,294,312.57,7,-5.94,NOISE,0,-5.94% vs baseline
2023-02-04,new_users,295,282.57,7,4.4,NOISE,0,+4.40% vs baseline
2023-02-04,payment_conversion_pct,36.84,42.83,7,-13.99,NOISE,0,-13.99% vs baseline
2023-02-04,revenue,2078,4056.29,7,-48.77,DROP,1,-48.77% vs baseline
2023-02-04,sessions,300,318.57,7,-5.83,NOISE,0,-5.83% vs baseline
2023-02-04,total_orders,6,12.71,7,-52.79,DROP,1,-52.79% vs baseline
2023-02-05,browse_conversion_pct,107.81,81.54,7,32.22,SPIKE,1,+32.22% vs baseline
2023-02-05,dau,340,313.14,7,8.58,NOISE,0,+8.58% vs baseline
2023-02-05,new_users,295,282.71,7,4.35,NOISE,0,+4.35% vs baseline
2023-02-05,payment_conversion_pct,37.5,41.88,7,-10.46,NOISE,0,-10.46% vs baseline
2023-02-05,revenue,3025,4018.86,7,-24.73,NOISE,0,-24.73% vs baseline
2023-02-05,sessions,348,319.14,7,9.04,NOISE,0,+9.04% vs baseline
2023-02-05,total_orders,12,12.29,7,-2.36,NOISE,0,-2.36% vs baseline
2023-02-06,browse_conversion_pct,62.65,84.18,7,-25.58,DROP,1,-25.58% vs baseline
2023-02-06,dau,318,320.71,7,-0.85,NOISE,0,-0.85% vs baseline
2023-02-06,new_users,288,284.14,7,1.36,NOISE,0,+1.36% vs baseline
2023-02-06,payment_conversion_pct,70,41.12,7,70.23,SPIKE,1,+70.23% vs baseline
2023-02-06,revenue,4208,3934.71,7,6.95,NOISE,0,+6.95% vs baseline
2023-02-06,sessions,323,326.57,7,-1.09,NOISE,0,-1.09% vs baseline
2023-02-06,total_orders,12,12.29,7,-2.36,NOISE,0,-2.36% vs baseline
2023-02-07,browse_conversion_pct,98.72,81.91,7,20.52,NOISE,0,+20.52% vs baseline
2023-02-07,dau,347,320.86,7,8.15,NOISE,0,+8.15% vs baseline
2023-02-07,new_users,284,283.57,7,0.15,NOISE,0,+0.15% vs baseline
2023-02-07,payment_conversion_pct,79.31,45.2,7,75.46,SPIKE,1,+75.46% vs baseline
2023-02-07,revenue,7154,3984.43,7,79.55,SPIKE,1,+79.55% vs baseline
2023-02-07,sessions,357,326.86,7,9.22,NOISE,0,+9.22% vs baseline
2023-02-07,total_orders,23,12.29,7,87.14,SPIKE,1,+87.14% vs baseline
2023-02-08,browse_conversion_pct,62.62,83.97,7,-25.43,DROP,1,-25.43% vs baseline
2023-02-08,dau,414,327.43,7,26.44,NOISE,0,+26.44% vs baseline
2023-02-08,new_users,280,281.57,7,-0.56,NOISE,0,-0.56% vs baseline
2023-02-08,payment_conversion_pct,53.13,49.68,7,6.94,NOISE,0,+6.94% vs baseline
2023-02-08,revenue,6326,4427.43,7,42.88,SPIKE,1,+42.88% vs baseline
2023-02-08,sessions,422,334.29,7,26.24,NOISE,0,+26.24% vs baseline
2023-02-08,total_orders,16,13.86,7,15.44,NOISE,0,+15.44% vs baseline
2023-02-09,browse_conversion_pct,71.57,79.26,7,-9.7,NOISE,0,-9.70% vs baseline
2023-02-09,dau,412,339,7,21.53,NOISE,0,+21.53% vs baseline
2023-02-09,new_users,253,280.86,7,-9.92,NOISE,0,-9.92% vs baseline
2023-02-09,payment_conversion_pct,38.1,52.25,7,-27.08,DROP,1,-27.08% vs baseline
2023-02-09,revenue,6420,4826,7,33.03,SPIKE,1,+33.03% vs baseline
2023-02-09,sessions,424,346,7,22.54,NOISE,0,+22.54% vs baseline
2023-02-09,total_orders,16,14.29,7,11.97,NOISE,0,+11.97% vs baseline
2023-02-10,browse_conversion_pct,77.88,79.76,7,-2.36,NOISE,0,-2.36% vs baseline
2023-02-10,dau,450,350.43,7,28.41,NOISE,0,+28.41% vs baseline
2023-02-10,new_users,283,279.86,7,1.12,NOISE,0,+1.12% vs baseline
2023-02-10,payment_conversion_pct,53.85,51.51,7,4.54,NOISE,0,+4.54% vs baseline
2023-02-10,revenue,7175,4768.71,7,50.46,SPIKE,1,+50.46% vs baseline
2023-02-10,sessions,462,358.14,7,29,NOISE,0,+29.00% vs baseline
2023-02-10,total_orders,20,14.29,7,39.96,SPIKE,1,+39.96% vs baseline
2023-02-11,browse_conversion_pct,63.48,79.25,7,-19.9,NOISE,0,-19.90% vs baseline
2023-02-11,dau,430,367.86,7,16.89,NOISE,0,+16.89% vs baseline
2023-02-11,new_users,268,282.57,7,-5.16,NOISE,0,-5.16% vs baseline
2023-02-11,payment_conversion_pct,80.77,52.68,7,53.32,SPIKE,1,+53.32% vs baseline
2023-02-11,revenue,7208,5198,7,38.67,SPIKE,1,+38.67% vs baseline
2023-02-11,sessions,438,376.57,7,16.31,NOISE,0,+16.31% vs baseline
2023-02-11,total_orders,20,15,7,33.33,SPIKE,1,+33.33% vs baseline
2023-02-12,browse_conversion_pct,78.26,77.82,7,0.57,NOISE,0,+0.57% vs baseline
2023-02-12,dau,457,387.29,7,18,NOISE,0,+18.00% vs baseline
2023-02-12,new_users,283,278.71,7,1.54,NOISE,0,+1.54% vs baseline
2023-02-12,payment_conversion_pct,48.39,58.95,7,-17.91,NOISE,0,-17.91% vs baseline
2023-02-12,revenue,4550,5930.86,7,-23.28,NOISE,0,-23.28% vs baseline
2023-02-12,sessions,467,396.29,7,17.84,NOISE,0,+17.84% vs baseline
2023-02-12,total_orders,15,17,7,-11.76,NOISE,0,-11.76% vs baseline
2023-02-13,browse_conversion_pct,89.22,73.6,7,21.22,NOISE,0,+21.22% vs baseline
2023-02-13,dau,463,404,7,14.6,NOISE,0,+14.60% vs baseline
2023-02-13,new_users,263,277,7,-5.05,NOISE,0,-5.05% vs baseline
2023-02-13,payment_conversion_pct,44.19,60.51,7,-26.97,DROP,1,-26.97% vs baseline
2023-02-13,revenue,5605,6148.71,7,-8.84,NOISE,0,-8.84% vs baseline
2023-02-13,sessions,472,413.29,7,14.21,NOISE,0,+14.21% vs baseline
2023-02-13,total_orders,17,17.43,7,-2.47,NOISE,0,-2.47% vs baseline
2023-02-14,browse_conversion_pct,86.36,77.39,7,11.59,NOISE,0,+11.59% vs baseline
2023-02-14,dau,506,424.71,7,19.14,NOISE,0,+19.14% vs baseline
2023-02-14,new_users,279,273.43,7,2.04,NOISE,0,+2.04% vs baseline
2023-02-14,payment_conversion_pct,31.58,56.82,7,-44.42,DROP,1,-44.42% vs baseline
2023-02-14,revenue,4939,6348.29,7,-22.2,NOISE,0,-22.20% vs baseline
2023-02-14,sessions,516,434.57,7,18.74,NOISE,0,+18.74% vs baseline
2023-02-14,total_orders,17,18.14,7,-6.28,NOISE,0,-6.28% vs baseline
2023-02-15,browse_conversion_pct,70.69,75.63,7,-6.53,NOISE,0,-6.53% vs baseline
2023-02-15,dau,484,447.43,7,8.17,NOISE,0,+8.17% vs baseline
2023-02-15,new_users,268,272.71,7,-1.73,NOISE,0,-1.73% vs baseline
2023-02-15,payment_conversion_pct,34.15,50,7,-31.7,DROP,1,-31.70% vs baseline
2023-02-15,revenue,5267,6031.86,7,-12.68,NOISE,0,-12.68% vs baseline
2023-02-15,sessions,490,457.29,7,7.15,NOISE,0,+7.15% vs baseline
2023-02-15,total_orders,14,17.29,7,-19.03,NOISE,0,-19.03% vs baseline
2023-02-16,browse_conversion_pct,81.25,76.78,7,5.82,NOISE,0,+5.82% vs baseline
2023-02-16,dau,459,457.43,7,0.34,NOISE,0,+0.34% vs baseline
2023-02-16,new_users,299,271,7,10.33,NOISE,0,+10.33% vs baseline
2023-02-16,payment_conversion_pct,70.37,47.29,7,48.81,SPIKE,1,+48.81% vs baseline
2023-02-16,revenue,5314,5880.57,7,-9.63,NOISE,0,-9.63% vs baseline
2023-02-16,sessions,469,467,7,0.43,NOISE,0,+0.43% vs baseline
2023-02-16,total_orders,19,17,7,11.76,NOISE,0,+11.76% vs baseline
2023-02-17,browse_conversion_pct,66.06,78.16,7,-15.48,NOISE,0,-15.48% vs baseline
2023-02-17,dau,486,464.14,7,4.71,NOISE,0,+4.71% vs baseline
2023-02-17,new_users,300,277.57,7,8.08,NOISE,0,+8.08% vs baseline
2023-02-17,payment_conversion_pct,26,51.9,7,-49.9,DROP,1,-49.90% vs baseline
2023-02-17,revenue,3292,5722.57,7,-42.47,DROP,1,-42.47% vs baseline
2023-02-17,sessions,493,473.43,7,4.13,NOISE,0,+4.13% vs baseline
2023-02-17,total_orders,12,17.43,7,-31.15,DROP,1,-31.15% vs baseline
2023-02-18,browse_conversion_pct,75.61,76.47,7,-1.12,NOISE,0,-1.12% vs baseline
2023-02-18,dau,505,469.29,7,7.61,NOISE,0,+7.61% vs baseline
2023-02-18,new_users,300,280,7,7.14,NOISE,0,+7.14% vs baseline
2023-02-18,payment_conversion_pct,50,47.92,7,4.34,NOISE,0,+4.34% vs baseline
2023-02-18,revenue,6345,5167.86,7,22.78,NOISE,0,+22.78% vs baseline
2023-02-18,sessions,514,477.86,7,7.56,NOISE,0,+7.56% vs baseline
2023-02-18,total_orders,21,16.29,7,28.91,NOISE,0,+28.91% vs baseline
2023-02-19,browse_conversion_pct,83.48,78.21,7,6.74,NOISE,0,+6.74% vs baseline
2023-02-19,dau,505,480,7,5.21,NOISE,0,+5.21% vs baseline
2023-02-19,new_users,269,284.57,7,-5.47,NOISE,0,-5.47% vs baseline
2023-02-19,payment_conversion_pct,40.82,43.53,7,-6.23,NOISE,0,-6.23% vs baseline
2023-02-19,revenue,7593,5044.57,7,50.52,SPIKE,1,+50.52% vs baseline
2023-02-19,sessions,519,488.71,7,6.2,NOISE,0,+6.20% vs baseline
2023-02-19,total_orders,20,16.43,7,21.73,NOISE,0,+21.73% vs baseline
2023-02-20,browse_conversion_pct,77.94,78.95,7,-1.28,NOISE,0,-1.28% vs baseline
2023-02-20,dau,572,486.86,7,17.49,NOISE,0,+17.49% vs baseline
2023-02-20,new_users,255,282.57,7,-9.76,NOISE,0,-9.76% vs baseline
2023-02-20,payment_conversion_pct,29.79,42.44,7,-29.81,DROP,1,-29.81% vs baseline
2023-02-20,revenue,4232,5479.29,7,-22.76,NOISE,0,-22.76% vs baseline
2023-02-20,sessions,585,496.14,7,17.91,NOISE,0,+17.91% vs baseline
2023-02-20,total_orders,14,17.14,7,-18.32,NOISE,0,-18.32% vs baseline
2023-02-21,browse_conversion_pct,71.76,77.34,7,-7.21,NOISE,0,-7.21% vs baseline
2023-02-21,dau,534,502.43,7,6.28,NOISE,0,+6.28% vs baseline
2023-02-21,new_users,274,281.43,7,-2.64,NOISE,0,-2.64% vs baseline
2023-02-21,payment_conversion_pct,33.33,40.39,7,-17.48,NOISE,0,-17.48% vs baseline
2023-02-21,revenue,3513,5283.14,7,-33.51,DROP,1,-33.51% vs baseline
2023-02-21,sessions,544,512.29,7,6.19,NOISE,0,+6.19% vs baseline
2023-02-21,total_orders,15,16.71,7,-10.23,NOISE,0,-10.23% vs baseline
2023-02-22,browse_conversion_pct,101.52,75.26,7,34.89,SPIKE,1,+34.89% vs baseline
2023-02-22,dau,580,506.43,7,14.53,NOISE,0,+14.53% vs baseline
2023-02-22,new_users,268,280.71,7,-4.53,NOISE,0,-4.53% vs baseline
2023-02-22,payment_conversion_pct,52.5,40.64,7,29.18,NOISE,0,+29.18% vs baseline
2023-02-22,revenue,6189,5079.43,7,21.84,NOISE,0,+21.84% vs baseline
2023-02-22,sessions,593,516.29,7,14.86,NOISE,0,+14.86% vs baseline
2023-02-22,total_orders,20,16.43,7,21.73,NOISE,0,+21.73% vs baseline
2023-02-23,browse_conversion_pct,58.16,79.66,7,-26.99,DROP,1,-26.99% vs baseline
2023-02-23,dau,532,520.14,7,2.28,NOISE,0,+2.28% vs baseline
2023-02-23,new_users,318,280.71,7,13.28,NOISE,0,+13.28% vs baseline
2023-02-23,payment_conversion_pct,35.9,43.26,7,-17.01,NOISE,0,-17.01% vs baseline
2023-02-23,revenue,3921,5211.14,7,-24.76,NOISE,0,-24.76% vs baseline
2023-02-23,sessions,541,531,7,1.88,NOISE,0,+1.88% vs baseline
2023-02-23,total_orders,14,17.29,7,-19.03,NOISE,0,-19.03% vs baseline
2023-02-24,browse_conversion_pct,78.15,76.36,7,2.34,NOISE,0,+2.34% vs baseline
2023-02-24,dau,567,530.57,7,6.87,NOISE,0,+6.87% vs baseline
2023-02-24,new_users,288,283.43,7,1.61,NOISE,0,+1.61% vs baseline
2023-02-24,payment_conversion_pct,31.91,38.33,7,-16.75,NOISE,0,-16.75% vs baseline
2023-02-24,revenue,3615,5012.14,7,-27.88,DROP,1,-27.88% vs baseline
2023-02-24,sessions,578,541.29,7,6.78,NOISE,0,+6.78% vs baseline
2023-02-24,total_orders,14,16.57,7,-15.51,NOISE,0,-15.51% vs baseline
2023-02-25,browse_conversion_pct,92.19,78.09,7,18.06,NOISE,0,+18.06% vs baseline
2023-02-25,dau,603,542.14,7,11.23,NOISE,0,+11.23% vs baseline
2023-02-25,new_users,272,281.71,7,-3.45,NOISE,0,-3.45% vs baseline
2023-02-25,payment_conversion_pct,55.81,39.18,7,42.45,SPIKE,1,+42.45% vs baseline
2023-02-25,revenue,6538,5058.29,7,29.25,NOISE,0,+29.25% vs baseline
2023-02-25,sessions,609,553.43,7,10.04,NOISE,0,+10.04% vs baseline
2023-02-25,total_orders,24,16.86,7,42.35,SPIKE,1,+42.35% vs baseline
2023-02-26,browse_conversion_pct,82.91,80.46,7,3.04,NOISE,0,+3.04% vs baseline
2023-02-26,dau,621,556.14,7,11.66,NOISE,0,+11.66% vs baseline
2023-02-26,new_users,252,277.71,7,-9.26,NOISE,0,-9.26% vs baseline
2023-02-26,payment_conversion_pct,34.55,40.01,7,-13.65,NOISE,0,-13.65% vs baseline
2023-02-26,revenue,5815,5085.86,7,14.34,NOISE,0,+14.34% vs baseline
2023-02-26,sessions,636,567,7,12.17,NOISE,0,+12.17% vs baseline
2023-02-26,total_orders,19,17.29,7,9.89,NOISE,0,+9.89% vs baseline
2023-02-27,browse_conversion_pct,80.82,80.38,7,0.55,NOISE,0,+0.55% vs baseline
2023-02-27,dau,592,572.71,7,3.37,NOISE,0,+3.37% vs baseline
2023-02-27,new_users,301,275.29,7,9.34,NOISE,0,+9.34% vs baseline
2023-02-27,payment_conversion_pct,41.3,39.11,7,5.6,NOISE,0,+5.60% vs baseline
2023-02-27,revenue,5089,4831.86,7,5.32,NOISE,0,+5.32% vs baseline
2023-02-27,sessions,602,583.71,7,3.13,NOISE,0,+3.13% vs baseline
2023-02-27,total_orders,18,17.14,7,5.02,NOISE,0,+5.02% vs baseline
2023-02-28,browse_conversion_pct,66.86,80.79,7,-17.24,NOISE,0,-17.24% vs baseline
2023-02-28,dau,642,575.57,7,11.54,NOISE,0,+11.54% vs baseline
2023-02-28,new_users,284,281.86,7,0.76,NOISE,0,+0.76% vs baseline
2023-02-28,payment_conversion_pct,46.67,40.76,7,14.5,NOISE,0,+14.50% vs baseline
2023-02-28,revenue,7338,4954.29,7,48.11,SPIKE,1,+48.11% vs baseline
2023-02-28,sessions,652,586.14,7,11.24,NOISE,0,+11.24% vs baseline
2023-02-28,total_orders,27,17.71,7,52.46,SPIKE,1,+52.46% vs baseline
2023-03-01,browse_conversion_pct,70,80.09,7,-12.6,NOISE,0,-12.60% vs baseline
2023-03-01,dau,645,591,7,9.14,NOISE,0,+9.14% vs baseline
2023-03-01,new_users,266,283.29,7,-6.1,NOISE,0,-6.10% vs baseline
2023-03-01,payment_conversion_pct,54.35,42.66,7,27.4,NOISE,0,+27.40% vs baseline
2023-03-01,revenue,6547,5500.71,7,19.02,NOISE,0,+19.02% vs baseline
2023-03-01,sessions,655,601.57,7,8.88,NOISE,0,+8.88% vs baseline
2023-03-01,total_orders,25,19.43,7,28.67,NOISE,0,+28.67% vs baseline
2023-03-02,browse_conversion_pct,79.27,75.58,7,4.88,NOISE,0,+4.88% vs baseline
2023-03-02,dau,666,600.29,7,10.95,NOISE,0,+10.95% vs baseline
2023-03-02,new_users,275,283,7,-2.83,NOISE,0,-2.83% vs baseline
2023-03-02,payment_conversion_pct,42.22,42.93,7,-1.65,NOISE,0,-1.65% vs baseline
2023-03-02,revenue,6056,5551.86,7,9.08,NOISE,0,+9.08% vs baseline
2023-03-02,sessions,678,610.43,7,11.07,NOISE,0,+11.07% vs baseline
2023-03-02,total_orders,20,20.14,7,-0.7,NOISE,0,-0.70% vs baseline
2023-03-03,browse_conversion_pct,78.48,78.6,7,-0.15,NOISE,0,-0.15% vs baseline
2023-03-03,dau,695,619.43,7,12.2,NOISE,0,+12.20% vs baseline
2023-03-03,new_users,262,276.86,7,-5.37,NOISE,0,-5.37% vs baseline
2023-03-03,payment_conversion_pct,45.45,43.83,7,3.7,NOISE,0,+3.70% vs baseline
2023-03-03,revenue,10318,5856.86,7,76.17,SPIKE,1,+76.17% vs baseline
2023-03-03,sessions,703,630,7,11.59,NOISE,0,+11.59% vs baseline
2023-03-03,total_orders,25,21,7,19.05,NOISE,0,+19.05% vs baseline
2023-03-04,browse_conversion_pct,91.98,78.65,7,16.95,NOISE,0,+16.95% vs baseline
2023-03-04,dau,704,637.71,7,10.4,NOISE,0,+10.40% vs baseline
2023-03-04,new_users,271,273.14,7,-0.78,NOISE,0,-0.78% vs baseline
2023-03-04,payment_conversion_pct,36.84,45.76,7,-19.49,NOISE,0,-19.49% vs baseline
2023-03-04,revenue,6184,6814.43,7,-9.25,NOISE,0,-9.25% vs baseline
2023-03-04,sessions,715,647.86,7,10.36,NOISE,0,+10.36% vs baseline
2023-03-04,total_orders,21,22.57,7,-6.96,NOISE,0,-6.96% vs baseline
2023-03-05,browse_conversion_pct,79.87,78.62,7,1.59,NOISE,0,+1.59% vs baseline
2023-03-05,dau,666,652.14,7,2.13,NOISE,0,+2.13% vs baseline
2023-03-05,new_users,259,273,7,-5.13,NOISE,0,-5.13% vs baseline
2023-03-05,payment_conversion_pct,40,43.05,7,-7.08,NOISE,0,-7.08% vs baseline
2023-03-05,revenue,8259,6763.86,7,22.1,NOISE,0,+22.10% vs baseline
2023-03-05,sessions,681,663,7,2.71,NOISE,0,+2.71% vs baseline
2023-03-05,total_orders,26,22.14,7,17.43,NOISE,0,+17.43% vs baseline
2023-03-06,browse_conversion_pct,90.45,78.18,7,15.69,NOISE,0,+15.69% vs baseline
2023-03-06,dau,706,658.57,7,7.2,NOISE,0,+7.20% vs baseline
2023-03-06,new_users,272,274,7,-0.73,NOISE,0,-0.73% vs baseline
2023-03-06,payment_conversion_pct,40,43.83,7,-8.74,NOISE,0,-8.74% vs baseline
2023-03-06,revenue,6952,7113,7,-2.26,NOISE,0,-2.26% vs baseline
2023-03-06,sessions,719,669.43,7,7.4,NOISE,0,+7.40% vs baseline
2023-03-06,total_orders,22,23.14,7,-4.93,NOISE,0,-4.93% vs baseline
2023-03-07,browse_conversion_pct,68.85,79.56,7,-13.46,NOISE,0,-13.46% vs baseline
2023-03-07,dau,710,674.86,7,5.21,NOISE,0,+5.21% vs baseline
2023-03-07,new_users,274,269.86,7,1.53,NOISE,0,+1.53% vs baseline
2023-03-07,payment_conversion_pct,50,43.65,7,14.55,NOISE,0,+14.55% vs baseline
2023-03-07,revenue,8749,7379.14,7,18.56,NOISE,0,+18.56% vs baseline
2023-03-07,sessions,720,686.14,7,4.93,NOISE,0,+4.93% vs baseline
2023-03-07,total_orders,26,23.71,7,9.66,NOISE,0,+9.66% vs baseline
2023-03-08,browse_conversion_pct,75.14,79.84,7,-5.89,NOISE,0,-5.89% vs baseline
2023-03-08,dau,711,684.57,7,3.86,NOISE,0,+3.86% vs baseline
2023-03-08,new_users,261,268.43,7,-2.77,NOISE,0,-2.77% vs baseline
2023-03-08,payment_conversion_pct,37.04,44.12,7,-16.05,NOISE,0,-16.05% vs baseline
2023-03-08,revenue,6837,7580.71,7,-9.81,NOISE,0,-9.81% vs baseline
2023-03-08,sessions,723,695.86,7,3.9,NOISE,0,+3.90% vs baseline
2023-03-08,total_orders,20,23.57,7,-15.15,NOISE,0,-15.15% vs baseline
2023-03-09,browse_conversion_pct,73.08,80.58,7,-9.31,NOISE,0,-9.31% vs baseline
2023-03-09,dau,742,694,7,6.92,NOISE,0,+6.92% vs baseline
2023-03-09,new_users,277,267.71,7,3.47,NOISE,0,+3.47% vs baseline
2023-03-09,payment_conversion_pct,61.67,41.65,7,48.07,SPIKE,1,+48.07% vs baseline
2023-03-09,revenue,13231,7622.14,7,73.59,SPIKE,1,+73.59% vs baseline
2023-03-09,sessions,764,705.57,7,8.28,NOISE,0,+8.28% vs baseline
2023-03-09,total_orders,34,22.86,7,48.73,SPIKE,1,+48.73% vs baseline
2023-03-10,browse_conversion_pct,101.25,79.69,7,27.05,NOISE,0,+27.05% vs baseline
2023-03-10,dau,772,704.86,7,9.53,NOISE,0,+9.53% vs baseline
2023-03-10,new_users,272,268,7,1.49,NOISE,0,+1.49% vs baseline
2023-03-10,payment_conversion_pct,48.28,44.43,7,8.67,NOISE,0,+8.67% vs baseline
2023-03-10,revenue,7459,8647.14,7,-13.74,NOISE,0,-13.74% vs baseline
2023-03-10,sessions,791,717.86,7,10.19,NOISE,0,+10.19% vs baseline
2023-03-10,total_orders,26,24.86,7,4.59,NOISE,0,+4.59% vs baseline
2023-03-11,browse_conversion_pct,79.58,82.95,7,-4.06,NOISE,0,-4.06% vs baseline
2023-03-11,dau,832,715.86,7,16.22,NOISE,0,+16.22% vs baseline
2023-03-11,new_users,271,269.43,7,0.58,NOISE,0,+0.58% vs baseline
2023-03-11,payment_conversion_pct,58.33,44.83,7,30.11,SPIKE,1,+30.11% vs baseline
2023-03-11,revenue,10243,8238.71,7,24.33,NOISE,0,+24.33% vs baseline
2023-03-11,sessions,851,730.43,7,16.51,NOISE,0,+16.51% vs baseline
2023-03-11,total_orders,31,25,7,24,NOISE,0,+24.00% vs baseline
2023-03-12,browse_conversion_pct,76.67,81.17,7,-5.54,NOISE,0,-5.54% vs baseline
2023-03-12,dau,849,734.14,7,15.65,NOISE,0,+15.65% vs baseline
2023-03-12,new_users,257,269.43,7,-4.61,NOISE,0,-4.61% vs baseline
2023-03-12,payment_conversion_pct,38.67,47.9,7,-19.27,NOISE,0,-19.27% vs baseline
2023-03-12,revenue,11941,8818.57,7,35.41,SPIKE,1,+35.41% vs baseline
2023-03-12,sessions,870,749.86,7,16.02,NOISE,0,+16.02% vs baseline
2023-03-12,total_orders,28,26.43,7,5.94,NOISE,0,+5.94% vs baseline
2023-03-13,browse_conversion_pct,70.1,80.72,7,-13.16,NOISE,0,-13.16% vs baseline
2023-03-13,dau,814,760.29,7,7.06,NOISE,0,+7.06% vs baseline
2023-03-13,new_users,266,269.14,7,-1.17,NOISE,0,-1.17% vs baseline
2023-03-13,payment_conversion_pct,48.61,47.71,7,1.89,NOISE,0,+1.89% vs baseline
2023-03-13,revenue,9013,9344.57,7,-3.55,NOISE,0,-3.55% vs baseline
2023-03-13,sessions,825,776.86,7,6.2,NOISE,0,+6.20% vs baseline
2023-03-13,total_orders,33,26.71,7,23.55,NOISE,0,+23.55% vs baseline
2023-03-14,browse_conversion_pct,89.53,77.81,7,15.06,NOISE,0,+15.06% vs baseline
2023-03-14,dau,805,775.71,7,3.78,NOISE,0,+3.78% vs baseline
2023-03-14,new_users,286,268.29,7,6.6,NOISE,0,+6.60% vs baseline
2023-03-14,payment_conversion_pct,57.14,48.94,7,16.76,NOISE,0,+16.76% vs baseline
2023-03-14,revenue,12426,9639,7,28.91,NOISE,0,+28.91% vs baseline
2023-03-14,sessions,826,792,7,4.29,NOISE,0,+4.29% vs baseline
2023-03-14,total_orders,35,28.29,7,23.72,NOISE,0,+23.72% vs baseline
2023-03-15,browse_conversion_pct,88.76,80.76,7,9.91,NOISE,0,+9.91% vs baseline
2023-03-15,dau,803,789.29,7,1.74,NOISE,0,+1.74% vs baseline
2023-03-15,new_users,256,270,7,-5.19,NOISE,0,-5.19% vs baseline
2023-03-15,payment_conversion_pct,48.48,49.96,7,-2.96,NOISE,0,-2.96% vs baseline
2023-03-15,revenue,9777,10164.29,7,-3.81,NOISE,0,-3.81% vs baseline
2023-03-15,sessions,813,807.14,7,0.73,NOISE,0,+0.73% vs baseline
2023-03-15,total_orders,31,29.57,7,4.84,NOISE,0,+4.84% vs baseline
2023-03-16,browse_conversion_pct,92.47,82.71,7,11.8,NOISE,0,+11.80% vs baseline
2023-03-16,dau,865,802.43,7,7.8,NOISE,0,+7.80% vs baseline
2023-03-16,new_users,268,269.29,7,-0.48,NOISE,0,-0.48% vs baseline
2023-03-16,payment_conversion_pct,44,51.6,7,-14.73,NOISE,0,-14.73% vs baseline
2023-03-16,revenue,11573,10584.29,7,9.34,NOISE,0,+9.34% vs baseline
2023-03-16,sessions,878,820,7,7.07,NOISE,0,+7.07% vs baseline
2023-03-16,total_orders,32,31.14,7,2.76,NOISE,0,+2.76% vs baseline
2023-03-17,browse_conversion_pct,84.65,85.48,7,-0.97,NOISE,0,-0.97% vs baseline
2023-03-17,dau,910,820,7,10.98,NOISE,0,+10.98% vs baseline
2023-03-17,new_users,314,268,7,17.16,NOISE,0,+17.16% vs baseline
2023-03-17,payment_conversion_pct,41.1,49.07,7,-16.24,NOISE,0,-16.24% vs baseline
2023-03-17,revenue,11786,10347.43,7,13.9,NOISE,0,+13.90% vs baseline
2023-03-17,sessions,930,836.29,7,11.21,NOISE,0,+11.21% vs baseline
2023-03-17,total_orders,30,30.86,7,-2.79,NOISE,0,-2.79% vs baseline
2023-03-18,browse_conversion_pct,89.95,83.11,7,8.23,NOISE,0,+8.23% vs baseline
2023-03-18,dau,920,839.71,7,9.56,NOISE,0,+9.56% vs baseline
2023-03-18,new_users,306,274,7,11.68,NOISE,0,+11.68% vs baseline
2023-03-18,payment_conversion_pct,43.59,48.05,7,-9.28,NOISE,0,-9.28% vs baseline
2023-03-18,revenue,9857,10965.57,7,-10.11,NOISE,0,-10.11% vs baseline
2023-03-18,sessions,933,856.14,7,8.98,NOISE,0,+8.98% vs baseline
2023-03-18,total_orders,33,31.43,7,5,NOISE,0,+5.00% vs baseline
2023-03-19,browse_conversion_pct,69.78,84.59,7,-17.51,NOISE,0,-17.51% vs baseline
2023-03-19,dau,927,852.29,7,8.77,NOISE,0,+8.77% vs baseline
2023-03-19,new_users,272,279,7,-2.51,NOISE,0,-2.51% vs baseline
2023-03-19,payment_conversion_pct,48.61,45.94,7,5.81,NOISE,0,+5.81% vs baseline
2023-03-19,revenue,11409,10910.43,7,4.57,NOISE,0,+4.57% vs baseline
2023-03-19,sessions,946,867.86,7,9,NOISE,0,+9.00% vs baseline
2023-03-19,total_orders,35,31.71,7,10.38,NOISE,0,+10.38% vs baseline
2023-03-20,browse_conversion_pct,92.54,83.61,7,10.68,NOISE,0,+10.68% vs baseline
2023-03-20,dau,898,863.43,7,4,NOISE,0,+4.00% vs baseline
2023-03-20,new_users,273,281.14,7,-2.9,NOISE,0,-2.90% vs baseline
2023-03-20,payment_conversion_pct,51.43,47.36,7,8.59,NOISE,0,+8.59% vs baseline
2023-03-20,revenue,10026,10834.43,7,-7.46,NOISE,0,-7.46% vs baseline
2023-03-20,sessions,925,878.71,7,5.27,NOISE,0,+5.27% vs baseline
2023-03-20,total_orders,36,32.71,7,10.06,NOISE,0,+10.06% vs baseline
2023-03-21,browse_conversion_pct,72.22,86.81,7,-16.81,NOISE,0,-16.81% vs baseline
2023-03-21,dau,915,875.43,7,4.52,NOISE,0,+4.52% vs baseline
2023-03-21,new_users,294,282.14,7,4.2,NOISE,0,+4.20% vs baseline
2023-03-21,payment_conversion_pct,46.97,47.76,7,-1.65,NOISE,0,-1.65% vs baseline
2023-03-21,revenue,8932,10979.14,7,-18.65,NOISE,0,-18.65% vs baseline
2023-03-21,sessions,932,893,7,4.37,NOISE,0,+4.37% vs baseline
2023-03-21,total_orders,29,33.14,7,-12.49,NOISE,0,-12.49% vs baseline
2023-03-22,browse_conversion_pct,73.44,84.34,7,-12.92,NOISE,0,-12.92% vs baseline
2023-03-22,dau,965,891.14,7,8.29,NOISE,0,+8.29% vs baseline
2023-03-22,new_users,238,283.29,7,-15.99,NOISE,0,-15.99% vs baseline
2023-03-22,payment_conversion_pct,32.86,46.31,7,-29.04,DROP,1,-29.04% vs baseline
2023-03-22,revenue,5081,10480,7,-51.52,DROP,1,-51.52% vs baseline
2023-03-22,sessions,990,908.14,7,9.01,NOISE,0,+9.01% vs baseline
2023-03-22,total_orders,22,32.29,7,-31.87,DROP,1,-31.87% vs baseline
2023-03-23,browse_conversion_pct,81.4,82.15,7,-0.91,NOISE,0,-0.91% vs baseline
2023-03-23,dau,944,914.29,7,3.25,NOISE,0,+3.25% vs baseline
2023-03-23,new_users,277,280.71,7,-1.32,NOISE,0,-1.32% vs baseline
2023-03-23,payment_conversion_pct,47.56,44.08,7,7.89,NOISE,0,+7.89% vs baseline
2023-03-23,revenue,13481,9809.14,7,37.43,SPIKE,1,+37.43% vs baseline
2023-03-23,sessions,976,933.43,7,4.56,NOISE,0,+4.56% vs baseline
2023-03-23,total_orders,39,31,7,25.81,NOISE,0,+25.81% vs baseline
2023-03-24,browse_conversion_pct,76.72,80.57,7,-4.78,NOISE,0,-4.78% vs baseline
2023-03-24,dau,959,925.57,7,3.61,NOISE,0,+3.61% vs baseline
2023-03-24,new_users,307,282,7,8.87,NOISE,0,+8.87% vs baseline
2023-03-24,payment_conversion_pct,43.06,44.59,7,-3.43,NOISE,0,-3.43% vs baseline
2023-03-24,revenue,7374,10081.71,7,-26.86,DROP,1,-26.86% vs baseline
2023-03-24,sessions,989,947.43,7,4.39,NOISE,0,+4.39% vs baseline
2023-03-24,total_orders,29,32,7,-9.38,NOISE,0,-9.38% vs baseline
2023-03-25,browse_conversion_pct,78.54,79.44,7,-1.13,NOISE,0,-1.13% vs baseline
2023-03-25,dau,994,932.57,7,6.59,NOISE,0,+6.59% vs baseline
2023-03-25,new_users,297,281,7,5.69,NOISE,0,+5.69% vs baseline
2023-03-25,payment_conversion_pct,39.33,44.87,7,-12.35,NOISE,0,-12.35% vs baseline
2023-03-25,revenue,11520,9451.43,7,21.89,NOISE,0,+21.89% vs baseline
2023-03-25,sessions,1021,955.86,7,6.81,NOISE,0,+6.81% vs baseline
2023-03-25,total_orders,35,31.86,7,9.86,NOISE,0,+9.86% vs baseline
2023-03-26,browse_conversion_pct,85.04,77.81,7,9.29,NOISE,0,+9.29% vs baseline
2023-03-26,dau,1000,943.14,7,6.03,NOISE,0,+6.03% vs baseline
2023-03-26,new_users,270,279.71,7,-3.47,NOISE,0,-3.47% vs baseline
2023-03-26,payment_conversion_pct,40.23,44.26,7,-9.11,NOISE,0,-9.11% vs baseline
2023-03-26,revenue,11387,9689,7,17.53,NOISE,0,+17.53% vs baseline
2023-03-26,sessions,1026,968.43,7,5.94,NOISE,0,+5.94% vs baseline
2023-03-26,total_orders,34,32.14,7,5.79,NOISE,0,+5.79% vs baseline
2023-03-27,browse_conversion_pct,73.82,79.99,7,-7.71,NOISE,0,-7.71% vs baseline
2023-03-27,dau,981,953.57,7,2.88,NOISE,0,+2.88% vs baseline
2023-03-27,new_users,263,279.43,7,-5.88,NOISE,0,-5.88% vs baseline
2023-03-27,payment_conversion_pct,46.48,43.06,7,7.94,NOISE,0,+7.94% vs baseline
2023-03-27,revenue,9723,9685.86,7,0.38,NOISE,0,+0.38% vs baseline
2023-03-27,sessions,1004,979.86,7,2.46,NOISE,0,+2.46% vs baseline
2023-03-27,total_orders,33,32,7,3.13,NOISE,0,+3.13% vs baseline
2023-03-28,browse_conversion_pct,74.51,77.31,7,-3.62,NOISE,0,-3.62% vs baseline
2023-03-28,dau,1089,965.43,7,12.8,NOISE,0,+12.80% vs baseline
2023-03-28,new_users,260,278,7,-6.47,NOISE,0,-6.47% vs baseline
2023-03-28,payment_conversion_pct,48.28,42.36,7,13.98,NOISE,0,+13.98% vs baseline
2023-03-28,revenue,13679,9642.57,7,41.86,SPIKE,1,+41.86% vs baseline
2023-03-28,sessions,1122,991.14,7,13.2,NOISE,0,+13.20% vs baseline
2023-03-28,total_orders,39,31.57,7,23.54,NOISE,0,+23.54% vs baseline
2023-03-29,browse_conversion_pct,70.5,77.64,7,-9.2,NOISE,0,-9.20% vs baseline
2023-03-29,dau,1061,990.29,7,7.14,NOISE,0,+7.14% vs baseline
2023-03-29,new_users,265,273.14,7,-2.98,NOISE,0,-2.98% vs baseline
2023-03-29,payment_conversion_pct,48.84,42.54,7,14.81,NOISE,0,+14.81% vs baseline
2023-03-29,revenue,12011,10320.71,7,16.38,NOISE,0,+16.38% vs baseline
2023-03-29,sessions,1081,1018.29,7,6.16,NOISE,0,+6.16% vs baseline
2023-03-29,total_orders,40,33,7,21.21,NOISE,0,+21.21% vs baseline
2023-03-30,browse_conversion_pct,60.15,77.22,7,-22.11,NOISE,0,-22.11% vs baseline
2023-03-30,dau,1046,1004,7,4.18,NOISE,0,+4.18% vs baseline
2023-03-30,new_users,285,277,7,2.89,NOISE,0,+2.89% vs baseline
2023-03-30,payment_conversion_pct,35.16,44.83,7,-21.57,NOISE,0,-21.57% vs baseline
2023-03-30,revenue,10335,11310.71,7,-8.63,NOISE,0,-8.63% vs baseline
2023-03-30,sessions,1061,1031.29,7,2.88,NOISE,0,+2.88% vs baseline
2023-03-30,total_orders,31,35.57,7,-12.85,NOISE,0,-12.85% vs baseline
2023-03-31,browse_conversion_pct,85.17,74.18,7,14.82,NOISE,0,+14.82% vs baseline
2023-03-31,dau,1138,1018.57,7,11.73,NOISE,0,+11.73% vs baseline
2023-03-31,new_users,293,278.14,7,5.34,NOISE,0,+5.34% vs baseline
2023-03-31,payment_conversion_pct,46.81,43.05,7,8.73,NOISE,0,+8.73% vs baseline
2023-03-31,revenue,9661,10861.29,7,-11.05,NOISE,0,-11.05% vs baseline
2023-03-31,sessions,1165,1043.43,7,11.65,NOISE,0,+11.65% vs baseline
2023-03-31,total_orders,43,34.43,7,24.89,NOISE,0,+24.89% vs baseline
2023-04-01,browse_conversion_pct,69.72,75.39,7,-7.52,NOISE,0,-7.52% vs baseline
2023-04-01,dau,1114,1044.14,7,6.69,NOISE,0,+6.69% vs baseline
2023-04-01,new_users,262,276.14,7,-5.12,NOISE,0,-5.12% vs baseline
2023-04-01,payment_conversion_pct,44.44,43.59,7,1.95,NOISE,0,+1.95% vs baseline
2023-04-01,revenue,13772,11188,7,23.1,NOISE,0,+23.10% vs baseline
2023-04-01,sessions,1143,1068.57,7,6.97,NOISE,0,+6.97% vs baseline
2023-04-01,total_orders,35,36.43,7,-3.93,NOISE,0,-3.93% vs baseline
2023-04-02,browse_conversion_pct,99.59,74.13,7,34.35,SPIKE,1,+34.35% vs baseline
2023-04-02,dau,1164,1061.29,7,9.68,NOISE,0,+9.68% vs baseline
2023-04-02,new_users,289,271.14,7,6.59,NOISE,0,+6.59% vs baseline
2023-04-02,payment_conversion_pct,35.48,44.32,7,-19.95,NOISE,0,-19.95% vs baseline
2023-04-02,revenue,10581,11509.71,7,-8.07,NOISE,0,-8.07% vs baseline
2023-04-02,sessions,1190,1086,7,9.58,NOISE,0,+9.58% vs baseline
2023-04-02,total_orders,32,36.43,7,-12.16,NOISE,0,-12.16% vs baseline
2023-04-03,browse_conversion_pct,81.16,76.21,7,6.5,NOISE,0,+6.50% vs baseline
2023-04-03,dau,1197,1084.71,7,10.35,NOISE,0,+10.35% vs baseline
2023-04-03,new_users,266,273.86,7,-2.87,NOISE,0,-2.87% vs baseline
2023-04-03,payment_conversion_pct,47.31,43.64,7,8.41,NOISE,0,+8.41% vs baseline
2023-04-03,revenue,16132,11394.57,7,41.58,SPIKE,1,+41.58% vs baseline
2023-04-03,sessions,1222,1109.43,7,10.15,NOISE,0,+10.15% vs baseline
2023-04-03,total_orders,43,36.14,7,18.98,NOISE,0,+18.98% vs baseline
2023-04-04,browse_conversion_pct,81.58,77.26,7,5.59,NOISE,0,+5.59% vs baseline
2023-04-04,dau,1142,1115.57,7,2.37,NOISE,0,+2.37% vs baseline
2023-04-04,new_users,259,274.29,7,-5.57,NOISE,0,-5.57% vs baseline
2023-04-04,payment_conversion_pct,45.83,43.76,7,4.73,NOISE,0,+4.73% vs baseline
2023-04-04,revenue,16606,12310.14,7,34.9,SPIKE,1,+34.90% vs baseline
2023-04-04,sessions,1169,1140.57,7,2.49,NOISE,0,+2.49% vs baseline
2023-04-04,total_orders,44,37.57,7,17.11,NOISE,0,+17.11% vs baseline
2023-04-05,browse_conversion_pct,73.43,78.27,7,-6.18,NOISE,0,-6.18% vs baseline
2023-04-05,dau,1150,1123.14,7,2.39,NOISE,0,+2.39% vs baseline
2023-04-05,new_users,290,274.14,7,5.79,NOISE,0,+5.79% vs baseline
2023-04-05,payment_conversion_pct,56.41,43.41,7,29.95,NOISE,0,+29.95% vs baseline
2023-04-05,revenue,12433,12728.29,7,-2.32,NOISE,0,-2.32% vs baseline
2023-04-05,sessions,1178,1147.29,7,2.68,NOISE,0,+2.68% vs baseline
2023-04-05,total_orders,41,38.29,7,7.08,NOISE,0,+7.08% vs baseline
2023-04-06,browse_conversion_pct,87.78,78.69,7,11.55,NOISE,0,+11.55% vs baseline
2023-04-06,dau,1167,1135.86,7,2.74,NOISE,0,+2.74% vs baseline
2023-04-06,new_users,266,277.71,7,-4.22,NOISE,0,-4.22% vs baseline
2023-04-06,payment_conversion_pct,59.55,44.49,7,33.85,SPIKE,1,+33.85% vs baseline
2023-04-06,revenue,17265,12788.57,7,35,SPIKE,1,+35.00% vs baseline
2023-04-06,sessions,1192,1161.14,7,2.66,NOISE,0,+2.66% vs baseline
2023-04-06,total_orders,51,38.43,7,32.71,SPIKE,1,+32.71% vs baseline
2023-04-07,browse_conversion_pct,77.81,82.63,7,-5.83,NOISE,0,-5.83% vs baseline
2023-04-07,dau,1266,1153.14,7,9.79,NOISE,0,+9.79% vs baseline
2023-04-07,new_users,256,275,7,-6.91,NOISE,0,-6.91% vs baseline
2023-04-07,payment_conversion_pct,35.35,47.98,7,-26.32,DROP,1,-26.32% vs baseline
2023-04-07,revenue,9898,13778.57,7,-28.16,DROP,1,-28.16% vs baseline
2023-04-07,sessions,1306,1179.86,7,10.69,NOISE,0,+10.69% vs baseline
2023-04-07,total_orders,33,41.29,7,-20.08,NOISE,0,-20.08% vs baseline
2023-04-08,browse_conversion_pct,83.11,81.58,7,1.88,NOISE,0,+1.88% vs baseline
2023-04-08,dau,1260,1171.43,7,7.56,NOISE,0,+7.56% vs baseline
2023-04-08,new_users,303,269.71,7,12.34,NOISE,0,+12.34% vs baseline
2023-04-08,payment_conversion_pct,38.71,46.34,7,-16.47,NOISE,0,-16.47% vs baseline
2023-04-08,revenue,10617,13812.43,7,-23.13,NOISE,0,-23.13% vs baseline
2023-04-08,sessions,1295,1200,7,7.92,NOISE,0,+7.92% vs baseline
2023-04-08,total_orders,36,39.86,7,-9.68,NOISE,0,-9.68% vs baseline
2023-04-09,browse_conversion_pct,77.18,83.49,7,-7.56,NOISE,0,-7.56% vs baseline
2023-04-09,dau,1211,1192.29,7,1.57,NOISE,0,+1.57% vs baseline
2023-04-09,new_users,285,275.57,7,3.42,NOISE,0,+3.42% vs baseline
2023-04-09,payment_conversion_pct,44.79,45.52,7,-1.6,NOISE,0,-1.60% vs baseline
2023-04-09,revenue,13868,13361.71,7,3.79,NOISE,0,+3.79% vs baseline
2023-04-09,sessions,1252,1221.71,7,2.48,NOISE,0,+2.48% vs baseline
2023-04-09,total_orders,43,40,7,7.5,NOISE,0,+7.50% vs baseline
2023-04-10,browse_conversion_pct,92.16,80.29,7,14.78,NOISE,0,+14.78% vs baseline
2023-04-10,dau,1254,1199,7,4.59,NOISE,0,+4.59% vs baseline
2023-04-10,new_users,266,275,7,-3.27,NOISE,0,-3.27% vs baseline
2023-04-10,payment_conversion_pct,51.58,46.85,7,10.1,NOISE,0,+10.10% vs baseline
2023-04-10,revenue,16575,13831.29,7,19.84,NOISE,0,+19.84% vs baseline
2023-04-10,sessions,1284,1230.57,7,4.34,NOISE,0,+4.34% vs baseline
2023-04-10,total_orders,48,41.57,7,15.47,NOISE,0,+15.47% vs baseline
2023-04-11,browse_conversion_pct,85.38,81.86,7,4.3,NOISE,0,+4.30% vs baseline
2023-04-11,dau,1352,1207.14,7,12,NOISE,0,+12.00% vs baseline
2023-04-11,new_users,264,275,7,-4,NOISE,0,-4.00% vs baseline
2023-04-11,payment_conversion_pct,42.64,47.46,7,-10.16,NOISE,0,-10.16% vs baseline
2023-04-11,revenue,17502,13894.57,7,25.96,NOISE,0,+25.96% vs baseline
2023-04-11,sessions,1385,1239.43,7,11.74,NOISE,0,+11.74% vs baseline
2023-04-11,total_orders,54,42.29,7,27.69,NOISE,0,+27.69% vs baseline
2023-04-12,browse_conversion_pct,76.44,82.41,7,-7.24,NOISE,0,-7.24% vs baseline
2023-04-12,dau,1361,1237.14,7,10.01,NOISE,0,+10.01% vs baseline
2023-04-12,new_users,303,275.71,7,9.9,NOISE,0,+9.90% vs baseline
2023-04-12,payment_conversion_pct,51.09,47,7,8.7,NOISE,0,+8.70% vs baseline
2023-04-12,revenue,16112,14022.57,7,14.9,NOISE,0,+14.90% vs baseline
2023-04-12,sessions,1401,1270.29,7,10.29,NOISE,0,+10.29% vs baseline
2023-04-12,total_orders,46,43.71,7,5.24,NOISE,0,+5.24% vs baseline
2023-04-13,browse_conversion_pct,70.8,82.84,7,-14.53,NOISE,0,-14.53% vs baseline
2023-04-13,dau,1353,1267.29,7,6.76,NOISE,0,+6.76% vs baseline
2023-04-13,new_users,276,277.57,7,-0.57,NOISE,0,-0.57% vs baseline
2023-04-13,payment_conversion_pct,49.45,46.24,7,6.94,NOISE,0,+6.94% vs baseline
2023-04-13,revenue,12172,14548.14,7,-16.33,NOISE,0,-16.33% vs baseline
2023-04-13,sessions,1386,1302.14,7,6.44,NOISE,0,+6.44% vs baseline
2023-04-13,total_orders,44,44.43,7,-0.97,NOISE,0,-0.97% vs baseline
2023-04-14,browse_conversion_pct,81.27,80.41,7,1.07,NOISE,0,+1.07% vs baseline
2023-04-14,dau,1306,1293.86,7,0.94,NOISE,0,+0.94% vs baseline
2023-04-14,new_users,277,279,7,-0.72,NOISE,0,-0.72% vs baseline
2023-04-14,payment_conversion_pct,41.38,44.8,7,-7.63,NOISE,0,-7.63% vs baseline
2023-04-14,revenue,18033,13820.57,7,30.48,SPIKE,1,+30.48% vs baseline
2023-04-14,sessions,1345,1329.86,7,1.14,NOISE,0,+1.14% vs baseline
2023-04-14,total_orders,46,43.43,7,5.92,NOISE,0,+5.92% vs baseline
2023-04-15,browse_conversion_pct,73.12,80.91,7,-9.63,NOISE,0,-9.63% vs baseline
2023-04-15,dau,1416,1299.57,7,8.96,NOISE,0,+8.96% vs baseline
2023-04-15,new_users,275,282,7,-2.48,NOISE,0,-2.48% vs baseline
2023-04-15,payment_conversion_pct,41.07,45.66,7,-10.05,NOISE,0,-10.05% vs baseline
2023-04-15,revenue,16598,14982.71,7,10.78,NOISE,0,+10.78% vs baseline
2023-04-15,sessions,1456,1335.43,7,9.03,NOISE,0,+9.03% vs baseline
2023-04-15,total_orders,43,45.29,7,-5.06,NOISE,0,-5.06% vs baseline
2023-04-16,browse_conversion_pct,73.44,79.48,7,-7.6,NOISE,0,-7.60% vs baseline
2023-04-16,dau,1432,1321.86,7,8.33,NOISE,0,+8.33% vs baseline
2023-04-16,new_users,264,278,7,-5.04,NOISE,0,-5.04% vs baseline
2023-04-16,payment_conversion_pct,55.14,46,7,19.87,NOISE,0,+19.87% vs baseline
2023-04-16,revenue,17745,15837.14,7,12.05,NOISE,0,+12.05% vs baseline
2023-04-16,sessions,1464,1358.43,7,7.77,NOISE,0,+7.77% vs baseline
2023-04-16,total_orders,58,46.29,7,25.3,NOISE,0,+25.30% vs baseline
2023-04-17,browse_conversion_pct,76.85,78.94,7,-2.65,NOISE,0,-2.65% vs baseline
2023-04-17,dau,1418,1353.43,7,4.77,NOISE,0,+4.77% vs baseline
2023-04-17,new_users,279,275,7,1.45,NOISE,0,+1.45% vs baseline
2023-04-17,payment_conversion_pct,43.22,47.48,7,-8.97,NOISE,0,-8.97% vs baseline
2023-04-17,revenue,15267,16391,7,-6.86,NOISE,0,-6.86% vs baseline
2023-04-17,sessions,1455,1388.71,7,4.77,NOISE,0,+4.77% vs baseline
2023-04-17,total_orders,49,48.43,7,1.18,NOISE,0,+1.18% vs baseline
2023-04-18,browse_conversion_pct,77.2,76.76,7,0.57,NOISE,0,+0.57% vs baseline
2023-04-18,dau,1488,1376.86,7,8.07,NOISE,0,+8.07% vs baseline
2023-04-18,new_users,300,276.86,7,8.36,NOISE,0,+8.36% vs baseline
2023-04-18,payment_conversion_pct,44.44,46.28,7,-3.98,NOISE,0,-3.98% vs baseline
2023-04-18,revenue,20483,16204.14,7,26.41,NOISE,0,+26.41% vs baseline
2023-04-18,sessions,1529,1413.14,7,8.2,NOISE,0,+8.20% vs baseline
2023-04-18,total_orders,56,48.57,7,15.3,NOISE,0,+15.30% vs baseline
2023-04-19,browse_conversion_pct,71.96,75.59,7,-4.8,NOISE,0,-4.80% vs baseline
2023-04-19,dau,1422,1396.29,7,1.84,NOISE,0,+1.84% vs baseline
2023-04-19,new_users,275,282,7,-2.48,NOISE,0,-2.48% vs baseline
2023-04-19,payment_conversion_pct,50.41,46.54,7,8.32,NOISE,0,+8.32% vs baseline
2023-04-19,revenue,25437,16630,7,52.96,SPIKE,1,+52.96% vs baseline
2023-04-19,sessions,1458,1433.71,7,1.69,NOISE,0,+1.69% vs baseline
2023-04-19,total_orders,60,48.86,7,22.8,NOISE,0,+22.80% vs baseline
2023-04-20,browse_conversion_pct,87.39,74.95,7,16.6,NOISE,0,+16.60% vs baseline
2023-04-20,dau,1453,1405,7,3.42,NOISE,0,+3.42% vs baseline
2023-04-20,new_users,286,278,7,2.88,NOISE,0,+2.88% vs baseline
2023-04-20,payment_conversion_pct,46,46.44,7,-0.95,NOISE,0,-0.95% vs baseline
2023-04-20,revenue,15469,17962.14,7,-13.88,NOISE,0,-13.88% vs baseline
2023-04-20,sessions,1486,1441.86,7,3.06,NOISE,0,+3.06% vs baseline
2023-04-20,total_orders,45,50.86,7,-11.52,NOISE,0,-11.52% vs baseline
2023-04-21,browse_conversion_pct,73.91,77.32,7,-4.41,NOISE,0,-4.41% vs baseline
2023-04-21,dau,1521,1419.29,7,7.17,NOISE,0,+7.17% vs baseline
2023-04-21,new_users,282,279.43,7,0.92,NOISE,0,+0.92% vs baseline
2023-04-21,payment_conversion_pct,34.65,45.95,7,-24.59,NOISE,0,-24.59% vs baseline
2023-04-21,revenue,11517,18433.14,7,-37.52,DROP,1,-37.52% vs baseline
2023-04-21,sessions,1561,1456.14,7,7.2,NOISE,0,+7.20% vs baseline
2023-04-21,total_orders,40,51,7,-21.57,NOISE,0,-21.57% vs baseline
2023-04-22,browse_conversion_pct,73.37,76.27,7,-3.8,NOISE,0,-3.80% vs baseline
2023-04-22,dau,1490,1450,7,2.76,NOISE,0,+2.76% vs baseline
2023-04-22,new_users,273,280.14,7,-2.55,NOISE,0,-2.55% vs baseline
2023-04-22,payment_conversion_pct,54.37,44.99,7,20.85,NOISE,0,+20.85% vs baseline
2023-04-22,revenue,13805,17502.29,7,-21.12,NOISE,0,-21.12% vs baseline
2023-04-22,sessions,1523,1487,7,2.42,NOISE,0,+2.42% vs baseline
2023-04-22,total_orders,52,50.14,7,3.71,NOISE,0,+3.71% vs baseline
2023-04-23,browse_conversion_pct,77.69,76.3,7,1.82,NOISE,0,+1.82% vs baseline
2023-04-23,dau,1587,1460.57,7,8.66,NOISE,0,+8.66% vs baseline
2023-04-23,new_users,261,279.86,7,-6.74,NOISE,0,-6.74% vs baseline
2023-04-23,payment_conversion_pct,46.09,46.89,7,-1.71,NOISE,0,-1.71% vs baseline
2023-04-23,revenue,17215,17103.29,7,0.65,NOISE,0,+0.65% vs baseline
2023-04-23,sessions,1635,1496.57,7,9.25,NOISE,0,+9.25% vs baseline
2023-04-23,total_orders,60,51.43,7,16.66,NOISE,0,+16.66% vs baseline
2023-04-24,browse_conversion_pct,83.1,76.91,7,8.05,NOISE,0,+8.05% vs baseline
2023-04-24,dau,1594,1482.71,7,7.51,NOISE,0,+7.51% vs baseline
2023-04-24,new_users,274,279.43,7,-1.94,NOISE,0,-1.94% vs baseline
2023-04-24,payment_conversion_pct,52.14,45.6,7,14.34,NOISE,0,+14.34% vs baseline
2023-04-24,revenue,23862,17027.57,7,40.14,SPIKE,1,+40.14% vs baseline
2023-04-24,sessions,1631,1521,7,7.23,NOISE,0,+7.23% vs baseline
2023-04-24,total_orders,73,51.71,7,41.17,SPIKE,1,+41.17% vs baseline
2023-04-25,browse_conversion_pct,78.36,77.8,7,0.72,NOISE,0,+0.72% vs baseline
2023-04-25,dau,1588,1507.86,7,5.31,NOISE,0,+5.31% vs baseline
2023-04-25,new_users,259,278.71,7,-7.07,NOISE,0,-7.07% vs baseline
2023-04-25,payment_conversion_pct,50,46.87,7,6.68,NOISE,0,+6.68% vs baseline
2023-04-25,revenue,15103,18255.43,7,-17.27,NOISE,0,-17.27% vs baseline
2023-04-25,sessions,1635,1546.14,7,5.75,NOISE,0,+5.75% vs baseline
2023-04-25,total_orders,54,55.14,7,-2.07,NOISE,0,-2.07% vs baseline
2023-04-26,browse_conversion_pct,81.28,77.97,7,4.25,NOISE,0,+4.25% vs baseline
2023-04-26,dau,1624,1522.14,7,6.69,NOISE,0,+6.69% vs baseline
2023-04-26,new_users,261,272.86,7,-4.35,NOISE,0,-4.35% vs baseline
2023-04-26,payment_conversion_pct,43.31,47.67,7,-9.15,NOISE,0,-9.15% vs baseline
2023-04-26,revenue,13982,17486.86,7,-20.04,NOISE,0,-20.04% vs baseline
2023-04-26,sessions,1657,1561.29,7,6.13,NOISE,0,+6.13% vs baseline
2023-04-26,total_orders,52,54.86,7,-5.21,NOISE,0,-5.21% vs baseline
2023-04-27,browse_conversion_pct,77.18,79.3,7,-2.67,NOISE,0,-2.67% vs baseline
2023-04-27,dau,1695,1551,7,9.28,NOISE,0,+9.28% vs baseline
2023-04-27,new_users,250,270.86,7,-7.7,NOISE,0,-7.70% vs baseline
2023-04-27,payment_conversion_pct,49.57,46.65,7,6.26,NOISE,0,+6.26% vs baseline
2023-04-27,revenue,19323,15850.43,7,21.91,NOISE,0,+21.91% vs baseline
2023-04-27,sessions,1743,1589.71,7,9.64,NOISE,0,+9.64% vs baseline
2023-04-27,total_orders,58,53.71,7,7.99,NOISE,0,+7.99% vs baseline
2023-04-28,browse_conversion_pct,95.24,77.84,7,22.35,NOISE,0,+22.35% vs baseline
2023-04-28,dau,1673,1585.57,7,5.51,NOISE,0,+5.51% vs baseline
2023-04-28,new_users,266,265.71,7,0.11,NOISE,0,+0.11% vs baseline
2023-04-28,payment_conversion_pct,48.57,47.16,7,2.99,NOISE,0,+2.99% vs baseline
2023-04-28,revenue,18628,16401,7,13.58,NOISE,0,+13.58% vs baseline
2023-04-28,sessions,1721,1626.43,7,5.81,NOISE,0,+5.81% vs baseline
2023-04-28,total_orders,67,55.57,7,20.57,NOISE,0,+20.57% vs baseline
2023-04-29,browse_conversion_pct,79,80.89,7,-2.34,NOISE,0,-2.34% vs baseline
2023-04-29,dau,1738,1607.29,7,8.13,NOISE,0,+8.13% vs baseline
2023-04-29,new_users,302,263.43,7,14.64,NOISE,0,+14.64% vs baseline
2023-04-29,payment_conversion_pct,44.6,49.15,7,-9.26,NOISE,0,-9.26% vs baseline
2023-04-29,revenue,20271,17416.86,7,16.39,NOISE,0,+16.39% vs baseline
2023-04-29,sessions,1781,1649.29,7,7.99,NOISE,0,+7.99% vs baseline
2023-04-29,total_orders,62,59.43,7,4.32,NOISE,0,+4.32% vs baseline
2023-04-30,browse_conversion_pct,69.67,81.69,7,-14.71,NOISE,0,-14.71% vs baseline
2023-04-30,dau,1752,1642.71,7,6.65,NOISE,0,+6.65% vs baseline
2023-04-30,new_users,277,267.57,7,3.52,NOISE,0,+3.52% vs baseline
2023-04-30,payment_conversion_pct,54.23,47.75,7,13.57,NOISE,0,+13.57% vs baseline
2023-04-30,revenue,23050,18340.57,7,25.68,NOISE,0,+25.68% vs baseline
2023-04-30,sessions,1804,1686.14,7,6.99,NOISE,0,+6.99% vs baseline
2023-04-30,total_orders,75,60.86,7,23.23,NOISE,0,+23.23% vs baseline
2023-05-01,browse_conversion_pct,77.8,80.55,7,-3.41,NOISE,0,-3.41% vs baseline
2023-05-01,dau,1750,1666.29,7,5.02,NOISE,0,+5.02% vs baseline
2023-05-01,new_users,278,269.86,7,3.02,NOISE,0,+3.02% vs baseline
2023-05-01,payment_conversion_pct,55.94,48.92,7,14.35,NOISE,0,+14.35% vs baseline
2023-05-01,revenue,24376,19174.14,7,27.13,NOISE,0,+27.13% vs baseline
2023-05-01,sessions,1798,1710.29,7,5.13,NOISE,0,+5.13% vs baseline
2023-05-01,total_orders,80,63,7,26.98,NOISE,0,+26.98% vs baseline
2023-05-02,browse_conversion_pct,78.19,79.79,7,-2.01,NOISE,0,-2.01% vs baseline
2023-05-02,dau,1756,1688.57,7,3.99,NOISE,0,+3.99% vs baseline
2023-05-02,new_users,242,270.43,7,-10.51,NOISE,0,-10.51% vs baseline
2023-05-02,payment_conversion_pct,48,49.46,7,-2.95,NOISE,0,-2.95% vs baseline
2023-05-02,revenue,18728,19247.57,7,-2.7,NOISE,0,-2.70% vs baseline
2023-05-02,sessions,1810,1734.14,7,4.37,NOISE,0,+4.37% vs baseline
2023-05-02,total_orders,57,64,7,-10.94,NOISE,0,-10.94% vs baseline
2023-05-03,browse_conversion_pct,79.57,79.77,7,-0.25,NOISE,0,-0.25% vs baseline
2023-05-03,dau,1838,1712.57,7,7.32,NOISE,0,+7.32% vs baseline
2023-05-03,new_users,307,268,7,14.55,NOISE,0,+14.55% vs baseline
2023-05-03,payment_conversion_pct,46.32,49.17,7,-5.8,NOISE,0,-5.80% vs baseline
2023-05-03,revenue,23161,19765.43,7,17.18,NOISE,0,+17.18% vs baseline
2023-05-03,sessions,1887,1759.14,7,7.27,NOISE,0,+7.27% vs baseline
2023-05-03,total_orders,62,64.43,7,-3.77,NOISE,0,-3.77% vs baseline
2023-05-04,browse_conversion_pct,88.17,79.52,7,10.88,NOISE,0,+10.88% vs baseline
2023-05-04,dau,1823,1743.14,7,4.58,NOISE,0,+4.58% vs baseline
2023-05-04,new_users,231,274.57,7,-15.87,NOISE,0,-15.87% vs baseline
2023-05-04,payment_conversion_pct,47.89,49.6,7,-3.45,NOISE,0,-3.45% vs baseline
2023-05-04,revenue,18372,21076.71,7,-12.83,NOISE,0,-12.83% vs baseline
2023-05-04,sessions,1885,1792,7,5.19,NOISE,0,+5.19% vs baseline
2023-05-04,total_orders,64,65.86,7,-2.82,NOISE,0,-2.82% vs baseline
2023-05-05,browse_conversion_pct,83.61,81.09,7,3.11,NOISE,0,+3.11% vs baseline
2023-05-05,dau,1815,1761.43,7,3.04,NOISE,0,+3.04% vs baseline
2023-05-05,new_users,300,271.86,7,10.35,NOISE,0,+10.35% vs baseline
2023-05-05,payment_conversion_pct,58.59,49.36,7,18.7,NOISE,0,+18.70% vs baseline
2023-05-05,revenue,25979,20940.86,7,24.06,NOISE,0,+24.06% vs baseline
2023-05-05,sessions,1887,1812.29,7,4.12,NOISE,0,+4.12% vs baseline
2023-05-05,total_orders,75,66.71,7,12.43,NOISE,0,+12.43% vs baseline
2023-05-06,browse_conversion_pct,76.04,79.43,7,-4.27,NOISE,0,-4.27% vs baseline
2023-05-06,dau,1928,1781.71,7,8.21,NOISE,0,+8.21% vs baseline
2023-05-06,new_users,277,276.71,7,0.1,NOISE,0,+0.10% vs baseline
2023-05-06,payment_conversion_pct,46.54,50.8,7,-8.39,NOISE,0,-8.39% vs baseline
2023-05-06,revenue,20170,21991,7,-8.28,NOISE,0,-8.28% vs baseline
2023-05-06,sessions,1990,1836,7,8.39,NOISE,0,+8.39% vs baseline
2023-05-06,total_orders,69,67.86,7,1.68,NOISE,0,+1.68% vs baseline
2023-05-07,browse_conversion_pct,79.53,79.01,7,0.66,NOISE,0,+0.66% vs baseline
2023-05-07,dau,1957,1808.86,7,8.19,NOISE,0,+8.19% vs baseline
2023-05-07,new_users,266,273.14,7,-2.61,NOISE,0,-2.61% vs baseline
2023-05-07,payment_conversion_pct,52.48,51.07,7,2.76,NOISE,0,+2.76% vs baseline
2023-05-07,revenue,20352,21976.57,7,-7.39,NOISE,0,-7.39% vs baseline
2023-05-07,sessions,2019,1865.86,7,8.21,NOISE,0,+8.21% vs baseline
2023-05-07,total_orders,70,68.86,7,1.66,NOISE,0,+1.66% vs baseline
2023-05-08,browse_conversion_pct,91.51,80.42,7,13.79,NOISE,0,+13.79% vs baseline
2023-05-08,dau,1983,1838.14,7,7.88,NOISE,0,+7.88% vs baseline
2023-05-08,new_users,251,271.57,7,-7.57,NOISE,0,-7.57% vs baseline
2023-05-08,payment_conversion_pct,54.09,50.82,7,6.43,NOISE,0,+6.43% vs baseline
2023-05-08,revenue,24966,21591.14,7,15.63,NOISE,0,+15.63% vs baseline
2023-05-08,sessions,2045,1896.57,7,7.83,NOISE,0,+7.83% vs baseline
2023-05-08,total_orders,83,68.14,7,21.81,NOISE,0,+21.81% vs baseline
2023-05-09,browse_conversion_pct,70.61,82.37,7,-14.28,NOISE,0,-14.28% vs baseline
2023-05-09,dau,1988,1871.43,7,6.23,NOISE,0,+6.23% vs baseline
2023-05-09,new_users,331,267.71,7,23.64,NOISE,0,+23.64% vs baseline
2023-05-09,payment_conversion_pct,52.56,50.56,7,3.96,NOISE,0,+3.96% vs baseline
2023-05-09,revenue,24066,21675.43,7,11.03,NOISE,0,+11.03% vs baseline
2023-05-09,sessions,2053,1931.86,7,6.27,NOISE,0,+6.27% vs baseline
2023-05-09,total_orders,79,68.57,7,15.21,NOISE,0,+15.21% vs baseline
2023-05-10,browse_conversion_pct,78.32,81.29,7,-3.65,NOISE,0,-3.65% vs baseline
2023-05-10,dau,2008,1904.57,7,5.43,NOISE,0,+5.43% vs baseline
2023-05-10,new_users,293,280.43,7,4.48,NOISE,0,+4.48% vs baseline
2023-05-10,payment_conversion_pct,46.71,51.21,7,-8.79,NOISE,0,-8.79% vs baseline
2023-05-10,revenue,21754,22438,7,-3.05,NOISE,0,-3.05% vs baseline
2023-05-10,sessions,2069,1966.57,7,5.21,NOISE,0,+5.21% vs baseline
2023-05-10,total_orders,76,71.71,7,5.98,NOISE,0,+5.98% vs baseline
2023-05-11,browse_conversion_pct,88.17,81.11,7,8.7,NOISE,0,+8.70% vs baseline
2023-05-11,dau,2012,1928.86,7,4.31,NOISE,0,+4.31% vs baseline
2023-05-11,new_users,300,278.43,7,7.75,NOISE,0,+7.75% vs baseline
2023-05-11,payment_conversion_pct,44.38,51.27,7,-13.44,NOISE,0,-13.44% vs baseline
2023-05-11,revenue,23524,22237,7,5.79,NOISE,0,+5.79% vs baseline
2023-05-11,sessions,2069,1992.57,7,3.84,NOISE,0,+3.84% vs baseline
2023-05-11,total_orders,75,73.71,7,1.75,NOISE,0,+1.75% vs baseline
2023-05-12,browse_conversion_pct,72.37,81.11,7,-10.78,NOISE,0,-10.78% vs baseline
2023-05-12,dau,2036,1955.86,7,4.1,NOISE,0,+4.10% vs baseline
2023-05-12,new_users,289,288.29,7,0.25,NOISE,0,+0.25% vs baseline
2023-05-12,payment_conversion_pct,53.95,50.76,7,6.28,NOISE,0,+6.28% vs baseline
2023-05-12,revenue,24820,22973,7,8.04,NOISE,0,+8.04% vs baseline
2023-05-12,sessions,2095,2018.86,7,3.77,NOISE,0,+3.77% vs baseline
2023-05-12,total_orders,81,75.29,7,7.58,NOISE,0,+7.58% vs baseline
2023-05-13,browse_conversion_pct,84.68,79.51,7,6.5,NOISE,0,+6.50% vs baseline
2023-05-13,dau,2085,1987.43,7,4.91,NOISE,0,+4.91% vs baseline
2023-05-13,new_users,291,286.71,7,1.5,NOISE,0,+1.50% vs baseline
2023-05-13,payment_conversion_pct,49.03,50.1,7,-2.14,NOISE,0,-2.14% vs baseline
2023-05-13,revenue,26767,22807.43,7,17.36,NOISE,0,+17.36% vs baseline
2023-05-13,sessions,2139,2048.57,7,4.41,NOISE,0,+4.41% vs baseline
2023-05-13,total_orders,73,76.14,7,-4.12,NOISE,0,-4.12% vs baseline
2023-05-14,browse_conversion_pct,74.4,80.74,7,-7.85,NOISE,0,-7.85% vs baseline
2023-05-14,dau,2179,2009.86,7,8.42,NOISE,0,+8.42% vs baseline
2023-05-14,new_users,256,288.71,7,-11.33,NOISE,0,-11.33% vs baseline
2023-05-14,payment_conversion_pct,47.1,50.46,7,-6.66,NOISE,0,-6.66% vs baseline
2023-05-14,revenue,22200,23749.86,7,-6.53,NOISE,0,-6.53% vs baseline
2023-05-14,sessions,2259,2069.86,7,9.14,NOISE,0,+9.14% vs baseline
2023-05-14,total_orders,72,76.71,7,-6.14,NOISE,0,-6.14% vs baseline
2023-05-15,browse_conversion_pct,75.14,80.01,7,-6.09,NOISE,0,-6.09% vs baseline
2023-05-15,dau,2180,2041.57,7,6.78,NOISE,0,+6.78% vs baseline
2023-05-15,new_users,278,287.29,7,-3.23,NOISE,0,-3.23% vs baseline
2023-05-15,payment_conversion_pct,40,49.69,7,-19.5,NOISE,0,-19.50% vs baseline
2023-05-15,revenue,21878,24013.86,7,-8.89,NOISE,0,-8.89% vs baseline
2023-05-15,sessions,2256,2104.14,7,7.22,NOISE,0,+7.22% vs baseline
2023-05-15,total_orders,63,77,7,-18.18,NOISE,0,-18.18% vs baseline
2023-05-16,browse_conversion_pct,82.29,77.67,7,5.95,NOISE,0,+5.95% vs baseline
2023-05-16,dau,2104,2069.71,7,1.66,NOISE,0,+1.66% vs baseline
2023-05-16,new_users,268,291.14,7,-7.95,NOISE,0,-7.95% vs baseline
2023-05-16,payment_conversion_pct,55.48,47.68,7,16.36,NOISE,0,+16.36% vs baseline
2023-05-16,revenue,26189,23572.71,7,11.1,NOISE,0,+11.10% vs baseline
2023-05-16,sessions,2167,2134.29,7,1.53,NOISE,0,+1.53% vs baseline
2023-05-16,total_orders,85,74.14,7,14.65,NOISE,0,+14.65% vs baseline
2023-05-17,browse_conversion_pct,76.97,79.34,7,-2.99,NOISE,0,-2.99% vs baseline
2023-05-17,dau,2270,2086.29,7,8.81,NOISE,0,+8.81% vs baseline
2023-05-17,new_users,260,282.14,7,-7.85,NOISE,0,-7.85% vs baseline
2023-05-17,payment_conversion_pct,58.6,48.09,7,21.85,NOISE,0,+21.85% vs baseline
2023-05-17,revenue,26256,23876,7,9.97,NOISE,0,+9.97% vs baseline
2023-05-17,sessions,2338,2150.57,7,8.72,NOISE,0,+8.72% vs baseline
2023-05-17,total_orders,92,75,7,22.67,NOISE,0,+22.67% vs baseline
2023-05-18,browse_conversion_pct,82.6,79.15,7,4.36,NOISE,0,+4.36% vs baseline
2023-05-18,dau,2190,2123.71,7,3.12,NOISE,0,+3.12% vs baseline
2023-05-18,new_users,264,277.43,7,-4.84,NOISE,0,-4.84% vs baseline
2023-05-18,payment_conversion_pct,55.7,49.79,7,11.87,NOISE,0,+11.87% vs baseline
2023-05-18,revenue,26438,24519.14,7,7.83,NOISE,0,+7.83% vs baseline
2023-05-18,sessions,2270,2189,7,3.7,NOISE,0,+3.70% vs baseline
2023-05-18,total_orders,80,77.29,7,3.51,NOISE,0,+3.51% vs baseline
2023-05-19,browse_conversion_pct,80.07,78.35,7,2.2,NOISE,0,+2.20% vs baseline
2023-05-19,dau,2344,2149.14,7,9.07,NOISE,0,+9.07% vs baseline
2023-05-19,new_users,268,272.29,7,-1.58,NOISE,0,-1.58% vs baseline
2023-05-19,payment_conversion_pct,46.59,51.41,7,-9.38,NOISE,0,-9.38% vs baseline
2023-05-19,revenue,27635,24935.43,7,10.83,NOISE,0,+10.83% vs baseline
2023-05-19,sessions,2440,2217.71,7,10.02,NOISE,0,+10.02% vs baseline
2023-05-19,total_orders,81,78,7,3.85,NOISE,0,+3.85% vs baseline
2023-05-20,browse_conversion_pct,74.42,79.45,7,-6.33,NOISE,0,-6.33% vs baseline
2023-05-20,dau,2328,2193.14,7,6.15,NOISE,0,+6.15% vs baseline
2023-05-20,new_users,279,269.29,7,3.61,NOISE,0,+3.61% vs baseline
2023-05-20,payment_conversion_pct,47.12,50.36,7,-6.43,NOISE,0,-6.43% vs baseline
2023-05-20,revenue,29136,25337.57,7,14.99,NOISE,0,+14.99% vs baseline
2023-05-20,sessions,2409,2267,7,6.26,NOISE,0,+6.26% vs baseline
2023-05-20,total_orders,89,78,7,14.1,NOISE,0,+14.10% vs baseline
2023-05-21,browse_conversion_pct,81.83,77.98,7,4.94,NOISE,0,+4.94% vs baseline
2023-05-21,dau,2416,2227.86,7,8.44,NOISE,0,+8.44% vs baseline
2023-05-21,new_users,269,267.57,7,0.53,NOISE,0,+0.53% vs baseline
2023-05-21,payment_conversion_pct,57.14,50.08,7,14.1,NOISE,0,+14.10% vs baseline
2023-05-21,revenue,30493,25676,7,18.76,NOISE,0,+18.76% vs baseline
2023-05-21,sessions,2529,2305.57,7,9.69,NOISE,0,+9.69% vs baseline
2023-05-21,total_orders,98,80.29,7,22.06,NOISE,0,+22.06% vs baseline
2023-05-22,browse_conversion_pct,82.83,79.05,7,4.78,NOISE,0,+4.78% vs baseline
2023-05-22,dau,2383,2261.71,7,5.36,NOISE,0,+5.36% vs baseline
2023-05-22,new_users,284,269.43,7,5.41,NOISE,0,+5.41% vs baseline
2023-05-22,payment_conversion_pct,59.78,51.52,7,16.03,NOISE,0,+16.03% vs baseline
2023-05-22,revenue,35034,26860.71,7,30.43,SPIKE,1,+30.43% vs baseline
2023-05-22,sessions,2464,2344.14,7,5.11,NOISE,0,+5.11% vs baseline
2023-05-22,total_orders,108,84,7,28.57,NOISE,0,+28.57% vs baseline
2023-05-23,browse_conversion_pct,80.48,80.14,7,0.42,NOISE,0,+0.42% vs baseline
2023-05-23,dau,2442,2290.71,7,6.6,NOISE,0,+6.60% vs baseline
2023-05-23,new_users,255,270.29,7,-5.66,NOISE,0,-5.66% vs baseline
2023-05-23,payment_conversion_pct,54.97,54.34,7,1.16,NOISE,0,+1.16% vs baseline
2023-05-23,revenue,30526,28740.14,7,6.21,NOISE,0,+6.21% vs baseline
2023-05-23,sessions,2525,2373.86,7,6.37,NOISE,0,+6.37% vs baseline
2023-05-23,total_orders,104,90.43,7,15.01,NOISE,0,+15.01% vs baseline
2023-05-24,browse_conversion_pct,76.9,79.89,7,-3.74,NOISE,0,-3.74% vs baseline
2023-05-24,dau,2549,2339,7,8.98,NOISE,0,+8.98% vs baseline
2023-05-24,new_users,268,268.43,7,-0.16,NOISE,0,-0.16% vs baseline
2023-05-24,payment_conversion_pct,57.23,54.27,7,5.45,NOISE,0,+5.45% vs baseline
2023-05-24,revenue,28247,29359.71,7,-3.79,NOISE,0,-3.79% vs baseline
2023-05-24,sessions,2646,2425,7,9.11,NOISE,0,+9.11% vs baseline
2023-05-24,total_orders,98,93.14,7,5.22,NOISE,0,+5.22% vs baseline
2023-05-25,browse_conversion_pct,80.4,79.88,7,0.65,NOISE,0,+0.65% vs baseline
2023-05-25,dau,2515,2378.86,7,5.72,NOISE,0,+5.72% vs baseline
2023-05-25,new_users,272,269.57,7,0.9,NOISE,0,+0.90% vs baseline
2023-05-25,payment_conversion_pct,54.76,54.08,7,1.26,NOISE,0,+1.26% vs baseline
2023-05-25,revenue,27942,29644.14,7,-5.74,NOISE,0,-5.74% vs baseline
2023-05-25,sessions,2600,2469,7,5.31,NOISE,0,+5.31% vs baseline
2023-05-25,total_orders,90,94,7,-4.26,NOISE,0,-4.26% vs baseline
2023-05-26,browse_conversion_pct,83.04,79.56,7,4.37,NOISE,0,+4.37% vs baseline
2023-05-26,dau,2507,2425.29,7,3.37,NOISE,0,+3.37% vs baseline
2023-05-26,new_users,263,270.71,7,-2.85,NOISE,0,-2.85% vs baseline
2023-05-26,payment_conversion_pct,52.63,53.94,7,-2.43,NOISE,0,-2.43% vs baseline
2023-05-26,revenue,29243,29859,7,-2.06,NOISE,0,-2.06% vs baseline
2023-05-26,sessions,2602,2516.14,7,3.41,NOISE,0,+3.41% vs baseline
2023-05-26,total_orders,96,95.43,7,0.6,NOISE,0,+0.60% vs baseline
2023-05-27,browse_conversion_pct,77.36,79.99,7,-3.29,NOISE,0,-3.29% vs baseline
2023-05-27,dau,2595,2448.57,7,5.98,NOISE,0,+5.98% vs baseline
2023-05-27,new_users,272,270,7,0.74,NOISE,0,+0.74% vs baseline
2023-05-27,payment_conversion_pct,55.56,54.8,7,1.39,NOISE,0,+1.39% vs baseline
2023-05-27,revenue,41449,30088.71,7,37.76,SPIKE,1,+37.76% vs baseline
2023-05-27,sessions,2698,2539.29,7,6.25,NOISE,0,+6.25% vs baseline
2023-05-27,total_orders,113,97.57,7,15.81,NOISE,0,+15.81% vs baseline
2023-05-28,browse_conversion_pct,79.43,80.41,7,-1.22,NOISE,0,-1.22% vs baseline
2023-05-28,dau,2623,2486.71,7,5.48,NOISE,0,+5.48% vs baseline
2023-05-28,new_users,274,269,7,1.86,NOISE,0,+1.86% vs baseline
2023-05-28,payment_conversion_pct,42.05,56.01,7,-24.92,NOISE,0,-24.92% vs baseline
2023-05-28,revenue,24922,31847.71,7,-21.75,NOISE,0,-21.75% vs baseline
2023-05-28,sessions,2720,2580.57,7,5.4,NOISE,0,+5.40% vs baseline
2023-05-28,total_orders,79,101,7,-21.78,NOISE,0,-21.78% vs baseline
2023-05-29,browse_conversion_pct,76.35,80.06,7,-4.63,NOISE,0,-4.63% vs baseline
2023-05-29,dau,2718,2516.29,7,8.02,NOISE,0,+8.02% vs baseline
2023-05-29,new_users,266,269.71,7,-1.38,NOISE,0,-1.38% vs baseline
2023-05-29,payment_conversion_pct,54.95,53.85,7,2.04,NOISE,0,+2.04% vs baseline
2023-05-29,revenue,31259,31051.86,7,0.67,NOISE,0,+0.67% vs baseline
2023-05-29,sessions,2822,2607.86,7,8.21,NOISE,0,+8.21% vs baseline
2023-05-29,total_orders,94,98.29,7,-4.36,NOISE,0,-4.36% vs baseline
2023-05-30,browse_conversion_pct,80,79.14,7,1.09,NOISE,0,+1.09% vs baseline
2023-05-30,dau,2821,2564.14,7,10.02,NOISE,0,+10.02% vs baseline
2023-05-30,new_users,272,267.14,7,1.82,NOISE,0,+1.82% vs baseline
2023-05-30,payment_conversion_pct,55.26,53.16,7,3.95,NOISE,0,+3.95% vs baseline
2023-05-30,revenue,32531,30512.57,7,6.62,NOISE,0,+6.62% vs baseline
2023-05-30,sessions,2947,2659,7,10.83,NOISE,0,+10.83% vs baseline
2023-05-30,total_orders,102,96.29,7,5.93,NOISE,0,+5.93% vs baseline
2023-05-31,browse_conversion_pct,82.06,79.07,7,3.78,NOISE,0,+3.78% vs baseline
2023-05-31,dau,2775,2618.29,7,5.99,NOISE,0,+5.99% vs baseline
2023-05-31,new_users,298,269.57,7,10.55,NOISE,0,+10.55% vs baseline
2023-05-31,payment_conversion_pct,54.64,53.21,7,2.69,NOISE,0,+2.69% vs baseline
2023-05-31,revenue,32295,30799,7,4.86,NOISE,0,+4.86% vs baseline
2023-05-31,sessions,2884,2719.29,7,6.06,NOISE,0,+6.06% vs baseline
2023-05-31,total_orders,104,96,7,8.33,NOISE,0,+8.33% vs baseline
2023-06-01,browse_conversion_pct,81.24,79.81,7,1.79,NOISE,0,+1.79% vs baseline
2023-06-01,dau,2884,2650.57,7,8.81,NOISE,0,+8.81% vs baseline
2023-06-01,new_users,277,273.86,7,1.15,NOISE,0,+1.15% vs baseline
2023-06-01,payment_conversion_pct,48.48,52.84,7,-8.25,NOISE,0,-8.25% vs baseline
2023-06-01,revenue,28647,31377.29,7,-8.7,NOISE,0,-8.70% vs baseline
2023-06-01,sessions,3013,2753.29,7,9.43,NOISE,0,+9.43% vs baseline
2023-06-01,total_orders,90,96.86,7,-7.08,NOISE,0,-7.08% vs baseline
2023-06-02,browse_conversion_pct,85.98,79.93,7,7.57,NOISE,0,+7.57% vs baseline
2023-06-02,dau,2902,2703.29,7,7.35,NOISE,0,+7.35% vs baseline
2023-06-02,new_users,279,274.57,7,1.61,NOISE,0,+1.61% vs baseline
2023-06-02,payment_conversion_pct,54.64,51.94,7,5.2,NOISE,0,+5.20% vs baseline
2023-06-02,revenue,32027,31478,7,1.74,NOISE,0,+1.74% vs baseline
2023-06-02,sessions,3043,2812.29,7,8.2,NOISE,0,+8.20% vs baseline
2023-06-02,total_orders,103,96.86,7,6.34,NOISE,0,+6.34% vs baseline
2023-06-03,browse_conversion_pct,82.15,80.35,7,2.24,NOISE,0,+2.24% vs baseline
2023-06-03,dau,3022,2759.71,7,9.5,NOISE,0,+9.50% vs baseline
2023-06-03,new_users,261,276.86,7,-5.73,NOISE,0,-5.73% vs baseline
2023-06-03,payment_conversion_pct,48.1,52.23,7,-7.91,NOISE,0,-7.91% vs baseline
2023-06-03,revenue,29780,31875.71,7,-6.57,NOISE,0,-6.57% vs baseline
2023-06-03,sessions,3158,2875.29,7,9.83,NOISE,0,+9.83% vs baseline
2023-06-03,total_orders,99,97.86,7,1.16,NOISE,0,+1.16% vs baseline
2023-06-04,browse_conversion_pct,76.42,81.03,7,-5.69,NOISE,0,-5.69% vs baseline
2023-06-04,dau,3000,2820.71,7,6.36,NOISE,0,+6.36% vs baseline
2023-06-04,new_users,299,275.29,7,8.61,NOISE,0,+8.61% vs baseline
2023-06-04,payment_conversion_pct,47.19,51.16,7,-7.76,NOISE,0,-7.76% vs baseline
2023-06-04,revenue,31371,30208.71,7,3.85,NOISE,0,+3.85% vs baseline
2023-06-04,sessions,3154,2941,7,7.24,NOISE,0,+7.24% vs baseline
2023-06-04,total_orders,108,95.86,7,12.66,NOISE,0,+12.66% vs baseline
2023-06-05,browse_conversion_pct,78.39,80.6,7,-2.74,NOISE,0,-2.74% vs baseline
2023-06-05,dau,3146,2874.57,7,9.44,NOISE,0,+9.44% vs baseline
2023-06-05,new_users,300,278.86,7,7.58,NOISE,0,+7.58% vs baseline
2023-06-05,payment_conversion_pct,52.79,51.89,7,1.73,NOISE,0,+1.73% vs baseline
2023-06-05,revenue,37870,31130,7,21.65,NOISE,0,+21.65% vs baseline
2023-06-05,sessions,3263,3003,7,8.66,NOISE,0,+8.66% vs baseline
2023-06-05,total_orders,123,100,7,23,NOISE,0,+23.00% vs baseline
2023-06-06,browse_conversion_pct,80,80.89,7,-1.1,NOISE,0,-1.10% vs baseline
2023-06-06,dau,3240,2935.71,7,10.37,NOISE,0,+10.37% vs baseline
2023-06-06,new_users,306,283.71,7,7.86,NOISE,0,+7.86% vs baseline
2023-06-06,payment_conversion_pct,53.3,51.59,7,3.31,NOISE,0,+3.31% vs baseline
2023-06-06,revenue,37572,32074.43,7,17.14,NOISE,0,+17.14% vs baseline
2023-06-06,sessions,3404,3066,7,11.02,NOISE,0,+11.02% vs baseline
2023-06-06,total_orders,118,104.14,7,13.31,NOISE,0,+13.31% vs baseline
2023-06-07,browse_conversion_pct,83.4,80.89,7,3.1,NOISE,0,+3.10% vs baseline
2023-06-07,dau,3095,2995.57,7,3.32,NOISE,0,+3.32% vs baseline
2023-06-07,new_users,245,288.57,7,-15.1,NOISE,0,-15.10% vs baseline
2023-06-07,payment_conversion_pct,47.46,51.31,7,-7.5,NOISE,0,-7.50% vs baseline
2023-06-07,revenue,39793,32794.57,7,21.34,NOISE,0,+21.34% vs baseline
2023-06-07,sessions,3255,3131.29,7,3.95,NOISE,0,+3.95% vs baseline
2023-06-07,total_orders,110,106.43,7,3.35,NOISE,0,+3.35% vs baseline
2023-06-08,browse_conversion_pct,88.71,81.08,7,9.41,NOISE,0,+9.41% vs baseline
2023-06-08,dau,3272,3041.29,7,7.59,NOISE,0,+7.59% vs baseline
2023-06-08,new_users,315,281,7,12.1,NOISE,0,+12.10% vs baseline
2023-06-08,payment_conversion_pct,62.56,50.28,7,24.42,NOISE,0,+24.42% vs baseline
2023-06-08,revenue,39047,33865.71,7,15.3,NOISE,0,+15.30% vs baseline
2023-06-08,sessions,3426,3184.29,7,7.59,NOISE,0,+7.59% vs baseline
2023-06-08,total_orders,123,107.29,7,14.64,NOISE,0,+14.64% vs baseline
2023-06-09,browse_conversion_pct,82,82.15,7,-0.18,NOISE,0,-0.18% vs baseline
2023-06-09,dau,3365,3096.71,7,8.66,NOISE,0,+8.66% vs baseline
2023-06-09,new_users,263,286.43,7,-8.18,NOISE,0,-8.18% vs baseline
2023-06-09,payment_conversion_pct,58.53,52.29,7,11.93,NOISE,0,+11.93% vs baseline
2023-06-09,revenue,40098,35351.43,7,13.43,NOISE,0,+13.43% vs baseline
2023-06-09,sessions,3536,3243.29,7,9.03,NOISE,0,+9.03% vs baseline
2023-06-09,total_orders,125,112,7,11.61,NOISE,0,+11.61% vs baseline
2023-06-10,browse_conversion_pct,77.74,81.58,7,-4.71,NOISE,0,-4.71% vs baseline
2023-06-10,dau,3344,3162.86,7,5.73,NOISE,0,+5.73% vs baseline
2023-06-10,new_users,305,284.14,7,7.34,NOISE,0,+7.34% vs baseline
2023-06-10,payment_conversion_pct,47.32,52.85,7,-10.46,NOISE,0,-10.46% vs baseline
2023-06-10,revenue,29310,36504.43,7,-19.71,NOISE,0,-19.71% vs baseline
2023-06-10,sessions,3544,3313.71,7,6.95,NOISE,0,+6.95% vs baseline
2023-06-10,total_orders,102,115.14,7,-11.41,NOISE,0,-11.41% vs baseline
2023-06-11,browse_conversion_pct,72.52,80.95,7,-10.41,NOISE,0,-10.41% vs baseline
2023-06-11,dau,3493,3208.86,7,8.85,NOISE,0,+8.85% vs baseline
2023-06-11,new_users,286,290.43,7,-1.53,NOISE,0,-1.53% vs baseline
2023-06-11,payment_conversion_pct,60,52.74,7,13.77,NOISE,0,+13.77% vs baseline
2023-06-11,revenue,44344,36437.29,7,21.7,NOISE,0,+21.70% vs baseline
2023-06-11,sessions,3672,3368.86,7,9,NOISE,0,+9.00% vs baseline
2023-06-11,total_orders,126,115.57,7,9.02,NOISE,0,+9.02% vs baseline
2023-06-12,browse_conversion_pct,80.67,80.39,7,0.35,NOISE,0,+0.35% vs baseline
2023-06-12,dau,3651,3279.29,7,11.34,NOISE,0,+11.34% vs baseline
2023-06-12,new_users,296,288.57,7,2.57,NOISE,0,+2.57% vs baseline
2023-06-12,payment_conversion_pct,52.73,54.57,7,-3.37,NOISE,0,-3.37% vs baseline
2023-06-12,revenue,38999,38290.57,7,1.85,NOISE,0,+1.85% vs baseline
2023-06-12,sessions,3879,3442.86,7,12.67,NOISE,0,+12.67% vs baseline
2023-06-12,total_orders,132,118.14,7,11.73,NOISE,0,+11.73% vs baseline
2023-06-13,browse_conversion_pct,79.61,80.72,7,-1.38,NOISE,0,-1.38% vs baseline
2023-06-13,dau,3535,3351.43,7,5.48,NOISE,0,+5.48% vs baseline
2023-06-13,new_users,278,288,7,-3.47,NOISE,0,-3.47% vs baseline
2023-06-13,payment_conversion_pct,56.1,54.56,7,2.82,NOISE,0,+2.82% vs baseline
2023-06-13,revenue,48014,38451.86,7,24.87,NOISE,0,+24.87% vs baseline
2023-06-13,sessions,3762,3530.86,7,6.55,NOISE,0,+6.55% vs baseline
2023-06-13,total_orders,135,119.43,7,13.04,NOISE,0,+13.04% vs baseline
2023-06-14,browse_conversion_pct,83.52,80.66,7,3.55,NOISE,0,+3.55% vs baseline
2023-06-14,dau,3778,3393.57,7,11.33,NOISE,0,+11.33% vs baseline
2023-06-14,new_users,301,284,7,5.99,NOISE,0,+5.99% vs baseline
2023-06-14,payment_conversion_pct,54.8,54.96,7,-0.29,NOISE,0,-0.29% vs baseline
2023-06-14,revenue,44105,39943.57,7,10.42,NOISE,0,+10.42% vs baseline
2023-06-14,sessions,4022,3582,7,12.28,NOISE,0,+12.28% vs baseline
2023-06-14,total_orders,151,121.86,7,23.91,NOISE,0,+23.91% vs baseline
2023-06-15,browse_conversion_pct,76.73,80.68,7,-4.9,NOISE,0,-4.90% vs baseline
2023-06-15,dau,3818,3491.14,7,9.36,NOISE,0,+9.36% vs baseline
2023-06-15,new_users,294,292,7,0.68,NOISE,0,+0.68% vs baseline
2023-06-15,payment_conversion_pct,49.33,56.01,7,-11.93,NOISE,0,-11.93% vs baseline
2023-06-15,revenue,46902,40559.57,7,15.64,NOISE,0,+15.64% vs baseline
2023-06-15,sessions,4073,3691.57,7,10.33,NOISE,0,+10.33% vs baseline
2023-06-15,total_orders,142,127.71,7,11.19,NOISE,0,+11.19% vs baseline
2023-06-16,browse_conversion_pct,84.19,78.97,7,6.61,NOISE,0,+6.61% vs baseline
2023-06-16,dau,3764,3569.14,7,5.46,NOISE,0,+5.46% vs baseline
2023-06-16,new_users,257,289,7,-11.07,NOISE,0,-11.07% vs baseline
2023-06-16,payment_conversion_pct,59.53,54.12,7,10,NOISE,0,+10.00% vs baseline
2023-06-16,revenue,52214,41681.71,7,25.27,NOISE,0,+25.27% vs baseline
2023-06-16,sessions,4015,3784,7,6.1,NOISE,0,+6.10% vs baseline
2023-06-16,total_orders,148,130.43,7,13.47,NOISE,0,+13.47% vs baseline
2023-06-17,browse_conversion_pct,76.76,79.28,7,-3.18,NOISE,0,-3.18% vs baseline
2023-06-17,dau,3968,3626.14,7,9.43,NOISE,0,+9.43% vs baseline
2023-06-17,new_users,257,288.14,7,-10.81,NOISE,0,-10.81% vs baseline
2023-06-17,payment_conversion_pct,56,54.26,7,3.21,NOISE,0,+3.21% vs baseline
2023-06-17,revenue,51633,43412.57,7,18.94,NOISE,0,+18.94% vs baseline
2023-06-17,sessions,4243,3852.43,7,10.14,NOISE,0,+10.14% vs baseline
2023-06-17,total_orders,151,133.71,7,12.93,NOISE,0,+12.93% vs baseline
2023-06-18,browse_conversion_pct,80.16,79.14,7,1.29,NOISE,0,+1.29% vs baseline
2023-06-18,dau,4147,3715.29,7,11.62,NOISE,0,+11.62% vs baseline
2023-06-18,new_users,294,281.29,7,4.52,NOISE,0,+4.52% vs baseline
2023-06-18,payment_conversion_pct,55.14,55.5,7,-0.65,NOISE,0,-0.65% vs baseline
2023-06-18,revenue,45503,46601.57,7,-2.36,NOISE,0,-2.36% vs baseline
2023-06-18,sessions,4474,3952.29,7,13.2,NOISE,0,+13.20% vs baseline
2023-06-18,total_orders,162,140.71,7,15.13,NOISE,0,+15.13% vs baseline
2023-06-19,browse_conversion_pct,77.43,80.23,7,-3.49,NOISE,0,-3.49% vs baseline
2023-06-19,dau,4229,3808.71,7,11.03,NOISE,0,+11.03% vs baseline
2023-06-19,new_users,289,282.43,7,2.33,NOISE,0,+2.33% vs baseline
2023-06-19,payment_conversion_pct,62.14,54.8,7,13.39,NOISE,0,+13.39% vs baseline
2023-06-19,revenue,52376,46767.14,7,11.99,NOISE,0,+11.99% vs baseline
2023-06-19,sessions,4597,4066.86,7,13.04,NOISE,0,+13.04% vs baseline
2023-06-19,total_orders,168,145.86,7,15.18,NOISE,0,+15.18% vs baseline
2023-06-20,browse_conversion_pct,83.87,79.77,7,5.14,NOISE,0,+5.14% vs baseline
2023-06-20,dau,4305,3891.29,7,10.63,NOISE,0,+10.63% vs baseline
2023-06-20,new_users,278,281.43,7,-1.22,NOISE,0,-1.22% vs baseline
2023-06-20,payment_conversion_pct,52.35,56.15,7,-6.77,NOISE,0,-6.77% vs baseline
2023-06-20,revenue,47668,48678.14,7,-2.08,NOISE,0,-2.08% vs baseline
2023-06-20,sessions,4672,4169.43,7,12.05,NOISE,0,+12.05% vs baseline
2023-06-20,total_orders,148,151,7,-1.99,NOISE,0,-1.99% vs baseline
2023-06-21,browse_conversion_pct,76.26,80.38,7,-5.13,NOISE,0,-5.13% vs baseline
2023-06-21,dau,4442,4001.29,7,11.01,NOISE,0,+11.01% vs baseline
2023-06-21,new_users,272,281.43,7,-3.35,NOISE,0,-3.35% vs baseline
2023-06-21,payment_conversion_pct,50.65,55.61,7,-8.92,NOISE,0,-8.92% vs baseline
2023-06-21,revenue,43816,48628.71,7,-9.9,NOISE,0,-9.90% vs baseline
2023-06-21,sessions,4812,4299.43,7,11.92,NOISE,0,+11.92% vs baseline
2023-06-21,total_orders,150,152.86,7,-1.87,NOISE,0,-1.87% vs baseline
2023-06-22,browse_conversion_pct,83.87,79.34,7,5.71,NOISE,0,+5.71% vs baseline
2023-06-22,dau,4594,4096.14,7,12.15,NOISE,0,+12.15% vs baseline
2023-06-22,new_users,264,277.29,7,-4.79,NOISE,0,-4.79% vs baseline
2023-06-22,payment_conversion_pct,55.88,55.02,7,1.56,NOISE,0,+1.56% vs baseline
2023-06-22,revenue,55634,48587.43,7,14.5,NOISE,0,+14.50% vs baseline
2023-06-22,sessions,5058,4412.29,7,14.63,NOISE,0,+14.63% vs baseline
2023-06-22,total_orders,184,152.71,7,20.49,NOISE,0,+20.49% vs baseline
2023-06-23,browse_conversion_pct,78.46,80.36,7,-2.36,NOISE,0,-2.36% vs baseline
2023-06-23,dau,4761,4207,7,13.17,NOISE,0,+13.17% vs baseline
2023-06-23,new_users,277,273,7,1.47,NOISE,0,+1.47% vs baseline
2023-06-23,payment_conversion_pct,54.18,55.96,7,-3.18,NOISE,0,-3.18% vs baseline
2023-06-23,revenue,51139,49834.86,7,2.62,NOISE,0,+2.62% vs baseline
2023-06-23,sessions,5284,4553,7,16.06,NOISE,0,+16.06% vs baseline
2023-06-23,total_orders,169,158.71,7,6.48,NOISE,0,+6.48% vs baseline
2023-06-24,browse_conversion_pct,78.62,79.54,7,-1.16,NOISE,0,-1.16% vs baseline
2023-06-24,dau,4834,4349.43,7,11.14,NOISE,0,+11.14% vs baseline
2023-06-24,new_users,269,275.86,7,-2.49,NOISE,0,-2.49% vs baseline
2023-06-24,payment_conversion_pct,55.1,55.19,7,-0.16,NOISE,0,-0.16% vs baseline
2023-06-24,revenue,51164,49681.29,7,2.98,NOISE,0,+2.98% vs baseline
2023-06-24,sessions,5371,4734.29,7,13.45,NOISE,0,+13.45% vs baseline
2023-06-24,total_orders,170,161.71,7,5.13,NOISE,0,+5.13% vs baseline
2023-06-25,browse_conversion_pct,73.79,79.81,7,-7.54,NOISE,0,-7.54% vs baseline
2023-06-25,dau,5049,4473.14,7,12.87,NOISE,0,+12.87% vs baseline
2023-06-25,new_users,276,277.57,7,-0.57,NOISE,0,-0.57% vs baseline
2023-06-25,payment_conversion_pct,56.85,55.06,7,3.25,NOISE,0,+3.25% vs baseline
2023-06-25,revenue,65601,49614.29,7,32.22,SPIKE,1,+32.22% vs baseline
2023-06-25,sessions,5737,4895.43,7,17.19,NOISE,0,+17.19% vs baseline
2023-06-25,total_orders,219,164.43,7,33.19,SPIKE,1,+33.19% vs baseline
2023-06-26,browse_conversion_pct,82.86,78.9,7,5.02,NOISE,0,+5.02% vs baseline
2023-06-26,dau,5225,4602,7,13.54,NOISE,0,+13.54% vs baseline
2023-06-26,new_users,283,275,7,2.91,NOISE,0,+2.91% vs baseline
2023-06-26,payment_conversion_pct,54.96,55.31,7,-0.63,NOISE,0,-0.63% vs baseline
2023-06-26,revenue,66320,52485.43,7,26.36,NOISE,0,+26.36% vs baseline
2023-06-26,sessions,5991,5075.86,7,18.03,NOISE,0,+18.03% vs baseline
2023-06-26,total_orders,214,172.57,7,24.01,NOISE,0,+24.01% vs baseline
2023-06-27,browse_conversion_pct,81.4,79.68,7,2.16,NOISE,0,+2.16% vs baseline
2023-06-27,dau,5269,4744.29,7,11.06,NOISE,0,+11.06% vs baseline
2023-06-27,new_users,252,274.14,7,-8.08,NOISE,0,-8.08% vs baseline
2023-06-27,payment_conversion_pct,56.94,54.28,7,4.9,NOISE,0,+4.90% vs baseline
2023-06-27,revenue,76435,54477.43,7,40.31,SPIKE,1,+40.31% vs baseline
2023-06-27,sessions,6149,5275,7,16.57,NOISE,0,+16.57% vs baseline
2023-06-27,total_orders,238,179.14,7,32.86,SPIKE,1,+32.86% vs baseline
2023-06-28,browse_conversion_pct,80.9,79.32,7,1.99,NOISE,0,+1.99% vs baseline
2023-06-28,dau,5773,4882,7,18.25,NOISE,0,+18.25% vs baseline
2023-06-28,new_users,267,270.43,7,-1.27,NOISE,0,-1.27% vs baseline
2023-06-28,payment_conversion_pct,56.22,54.94,7,2.33,NOISE,0,+2.33% vs baseline
2023-06-28,revenue,66538,58587,7,13.57,NOISE,0,+13.57% vs baseline
2023-06-28,sessions,6907,5486,7,25.9,NOISE,0,+25.90% vs baseline
2023-06-28,total_orders,222,192,7,15.63,NOISE,0,+15.63% vs baseline
2023-06-29,browse_conversion_pct,79.48,79.99,7,-0.64,NOISE,0,-0.64% vs baseline
2023-06-29,dau,5778,5072.14,7,13.92,NOISE,0,+13.92% vs baseline
2023-06-29,new_users,261,269.71,7,-3.23,NOISE,0,-3.23% vs baseline
2023-06-29,payment_conversion_pct,56.17,55.73,7,0.79,NOISE,0,+0.79% vs baseline
2023-06-29,revenue,68462,61833,7,10.72,NOISE,0,+10.72% vs baseline
2023-06-29,sessions,7224,5785.29,7,24.87,NOISE,0,+24.87% vs baseline
2023-06-29,total_orders,229,202.29,7,13.2,NOISE,0,+13.20% vs baseline
2023-06-30,browse_conversion_pct,81.63,79.36,7,2.86,NOISE,0,+2.86% vs baseline
2023-06-30,dau,6088,5241.29,7,16.15,NOISE,0,+16.15% vs baseline
2023-06-30,new_users,248,269.29,7,-7.91,NOISE,0,-7.91% vs baseline
2023-06-30,payment_conversion_pct,62.82,55.77,7,12.64,NOISE,0,+12.64% vs baseline
2023-06-30,revenue,97716,63665.57,7,53.48,SPIKE,1,+53.48% vs baseline
2023-06-30,sessions,8299,6094.71,7,36.17,SPIKE,1,+36.17% vs baseline
2023-06-30,total_orders,294,208.71,7,40.87,SPIKE,1,+40.87% vs baseline
2023-07-01,browse_conversion_pct,80.04,79.81,7,0.29,NOISE,0,+0.29% vs baseline
2023-07-01,dau,3423,5430.86,7,-36.97,DROP,1,-36.97% vs baseline
2023-07-01,new_users,0,265.14,7,-100,DROP,1,-100.00% vs baseline
2023-07-01,payment_conversion_pct,54.98,57.01,7,-3.56,NOISE,0,-3.56% vs baseline
2023-07-01,revenue,45241,70319.43,7,-35.66,DROP,1,-35.66% vs baseline
2023-07-01,sessions,4482,6525.43,7,-31.31,DROP,1,-31.31% vs baseline
2023-07-01,total_orders,146,226.57,7,-35.56,DROP,1,-35.56% vs baseline
